manufacturer,model,kernel,eta_peak,f_peak,f_50,f_10,f_2
Siemens,Alpha,Br68u,1.2395552052547938,0.481998078770413,1.015757224573436,1.3345325764348448,1.504255222453804
Siemens,Alpha,Br56u,1.087897980584586,0.3172957746478873,0.7004080256195545,0.9117755466946634,1.01423917202856
Siemens,Alpha,Qr40u,1.0,0.0,0.3833262367306899,0.6503604587357711,0.7910579586215082
Siemens,Alpha,Hr92u,1.0803530741856449,0.8607536231884059,2.7786302656734376,3.2677521038849466,3.445556339246833
Siemens,Alpha,Hr44u,1.0,0.0,0.38918384933497013,0.6958152319042943,0.8767225839609883
Siemens,Alpha,Hr68f,1.3695602693605615,0.5517442922374429,1.154639614821681,1.4233764087003196,1.5378416459649296
Siemens,Alpha,Br72u,1.404154573821125,0.6584902143522833,1.305154247566611,1.561392930692308,1.66441480656755
Siemens,Alpha,Br48f,1.0009558635645897,0.06859330143540669,0.48984117435104724,0.7023496208819895,0.8000991205369177
Siemens,Alpha,Br68u,1.3168548486169973,0.5517442922374429,1.1158589353714001,1.4010813841240055,1.530658335921144
Siemens,Alpha,Qr80u,1.0067237783273442,0.3264927536231884,1.5451606265356006,2.2471328650632927,2.6391734597301655
Siemens,Force,Br32d,1.0,0.0,0.24506068223057964,0.44380180128761804,0.5530735416568001
Siemens,Alpha,Qr40f,1.0,0.0,0.3824632523991075,0.6511711146237114,0.7917593455599452
Siemens,Alpha,Hr40u_4,1.0,0.0,0.31993664035157005,0.613179918082433,0.8179567134348136
Siemens,Alpha,Hr40f_3,1.0,0.0,0.320410663396053,0.6071257064085068,0.8096868139407813
Siemens,Alpha,Hr40u_1,1.0,0.0,0.3308147271509206,0.6161435639298256,0.8204724909467885
Siemens,Alpha,Br40u_4,1.0,0.0,0.3318389578321044,0.6029949574975234,0.7491512320386207
Siemens,Alpha,Hr40f_3,1.0,0.0,0.31122440824183123,0.6043758386238126,0.8069260013260727
Siemens,Alpha,Br40f_3,1.0,0.0,0.33508734484549735,0.6013465427559213,0.7369306848991943
Siemens,Alpha,Hr40u_3,1.0,0.0,0.3214126481475724,0.6136347158371772,0.8189993764219816
Siemens,Alpha,Br68u,1.4360493544824398,0.5358705994291152,1.1328327668896487,1.4107309944694066,1.5309998679841779
Siemens,Alpha,Br84u,1.0993909167823652,0.7024541062801932,1.7890982043049868,2.468269336769341,2.813128879612898
Siemens,Alpha,Bv40f,1.0,0.0,0.37421967056342625,0.6431768107442171,0.7824477108588328
Siemens,Alpha,Br56f,1.025707452725728,0.2211455399061033,0.6735962888894496,0.9029073289206173,1.0166398012832152
Siemens,Alpha,Br92u,1.1053377751899942,0.6430917874396136,2.0828839053511334,2.937689218543469,3.2706799501330055
Siemens,Alpha,Br92u,1.097090192927378,0.6430917874396136,2.087748609363903,2.9502264036585277,3.287306990165858
Siemens,Alpha,Hr76f,1.3266780853709867,0.6203168685927306,1.582274259219074,2.0350456789053424,2.4234511492620814
Siemens,Alpha,Br40u_1,1.0,0.0,0.3300124603602037,0.6006939222371266,0.7515627417174683
Siemens,Alpha,Br84u,1.143241087796808,0.6866472303206997,1.8433185898654936,2.5197561646424567,2.8372694849372957
Siemens,Alpha,Hr44f,1.0,0.0,0.38510343550248927,0.6912678408747003,0.8673077256823257
Siemens,Alpha,Br68f,1.1554502433810625,0.5789063948100093,1.1070694180911687,1.4151179768508304,1.585335203922727
Siemens,Alpha,Br40u_4,1.0,0.0,0.34240094896343715,0.6102626704643237,0.7608096561444739
Siemens,Alpha,Br40u_4,1.0,0.0,0.348170502554506,0.6135432903451722,0.7620811378792611
Siemens,Force,Br44d,1.0,0.0,0.40621323421889605,0.7094326097475941,0.875268547172647
Canon,Aquilion Prime,FC18,1.0,0.0,0.3788817383170676,0.6108128102804298,0.7097115993646009
Siemens,Alpha,Qr56u_3,1.0,0.0,0.6564513434901491,1.082324990787705,1.2487540445469996
Siemens,Alpha,Hr48f,1.0,0.0,0.4748212584798085,0.7373443910791354,0.9058957306386008
Siemens,Alpha,Hr36u,1.0,0.0,0.2865556683771273,0.5287733844278916,0.7071263781047276
Siemens,Alpha,Qr40u,1.0,0.0,0.383439877837777,0.6503424531332777,0.7847134362689506
Siemens,Force,Ur89u,1.0,0.0,0.3450054082138653,3.1719403913281115,
Siemens,Alpha,Br80u,1.1537489885889403,0.6826666666666668,1.643798715455831,2.2269891998240947,2.5521535063242693
Siemens,Alpha,Br40f_3,1.0,0.0,0.3427361258718362,0.6099420773765957,0.7615439870874815
Siemens,Force,Br40d,1.0,0.0,0.3434228385061657,0.6066790868383702,0.7594059872893181
Siemens,Alpha,Br56f,1.101730953130396,0.30670531400966183,0.7032658275767796,0.9163349019066407,1.020446367832182
Siemens,Alpha,Br40f_4,1.0,0.0,0.3344948375512263,0.60140267402159,0.7359777919605216
Siemens,Alpha,Hc40u,1.0,0.0,0.33603300523950164,0.6197339726183437,0.8240774812376723
Siemens,Alpha,Br40u,1.0,0.0,0.3531346060809209,0.6115938800707545,0.7675592568148293
Siemens,Alpha,Hr36u,1.0,0.0,0.25870300744301633,0.5049968695121638,0.6765920536807905
Siemens,Alpha,Hc40f,1.0,0.0,0.3315335651127521,0.6140978585663707,0.8154863926229143
Siemens,Alpha,Br56f,1.0465261771637222,0.28691787439613525,0.6884628235859236,0.9111573457159179,1.0166492193977474
Siemens,Alpha,Br76f,1.574922346357506,0.5826036644165862,1.6227004922753605,2.0860991101024897,2.727431683908643
Siemens,Alpha,Hr40f,1.0,0.0,0.3143036122354298,0.6020153593731505,0.8109291570486199
Siemens,Force,Hr49s,1.0,0.0,0.5160839444816716,0.7527392670175856,0.8868050746278385
Siemens,Alpha,Br44f,1.0,0.0,0.4027575719351763,0.7117637531994617,0.8768080931328234
Siemens,Force,Ur77u_1,1.0002588831646269,0.10727619047619047,1.4295857277639414,2.091155351803752,2.360129664493209
Siemens,Alpha,Br44u,1.0,0.0,0.38424321637659703,0.6963483191260273,0.8670437320163915
Siemens,Alpha,Br40f_4,1.0,0.0,0.3391575771757944,0.6075159224142314,0.7624636148046973
Siemens,Force,Hf40s,1.0,0.0,0.36151267609104043,0.7725865995559156,0.9361255070611151
Siemens,Alpha,Qr84u,1.120981367612969,0.6430917874396136,2.156008873563704,2.881348283941069,3.2347446627271865
Siemens,Alpha,Br40u_4,1.0,0.0,0.33354834869981587,0.5966155591555309,0.7478851769681615
Siemens,Alpha,Br36u,1.0,0.0,0.290313701715302,0.5212308207604498,0.6482901153775693
Siemens,Alpha,Br48u,1.0023991637187843,0.10439295644114921,0.5148775475288567,0.7121716185912261,0.8103214609673199
Siemens,Alpha,Hr40u_1,1.0,0.0,0.3242862688614473,0.6145113338579186,0.820817912734366
Siemens,Alpha,Br72f,1.3961018620452323,0.6590585975024015,1.3375477888746437,1.5808477827938041,1.6779064716542256
Siemens,Alpha,Hr76u,1.3885568786889668,0.7463556851311952,1.644542776681585,2.0852997751771487,2.271921635270016
Siemens,Alpha,Br56f,1.1285806613146474,0.3273059360730594,0.7095050214406715,0.9204850967840821,1.0237556183521026
Siemens,Alpha,Br40f_1,1.0,0.0,0.3461453365259042,0.6068605264180958,0.7520877724263553
Siemens,Alpha,Qr48u,1.0,0.0,0.5197689107583323,0.883399358417444,1.0776241433107712
Siemens,Alpha,Hr84u,1.3158384073649287,0.7741244019138755,2.162055434676321,2.7448479672108794,2.9678426396522335
Siemens,Alpha,Br40u_1,1.0,0.0,0.3488285223494215,0.6111031148234498,0.7648232967697203
Siemens,Alpha,Br80u,1.0403961755327276,0.6405975723622781,1.605091994267364,2.200897633559488,2.551200186747556
Siemens,Alpha,Qr80u,1.001990589118746,0.22755555555555557,1.54701132895227,2.251325620206175,2.65851994671672
Siemens,Alpha,Br72f,1.3582730059800854,0.6628792270531401,1.326591397835455,1.575223042529549,1.6697626859486503
Siemens,Alpha,Qr48f,1.0,0.0,0.521525678811559,0.8924970335544791,1.0847476413923505
Siemens,Alpha,Hr76u,1.3841902473320213,0.7463556851311952,1.6290475990283269,2.0702579910694396,2.262176348667755
Siemens,Force,Hr59h,1.0,0.0,0.6861435236719794,1.0591357027449022,1.252023788579748
Siemens,Force,Ub44u,1.0,0.0,0.3920122927709859,0.69719388796974,0.871845145990433
Siemens,Alpha,Br72f,1.460456016106466,0.6203168685927306,1.341752883508929,1.578750814865197,1.6765015810383386
Siemens,Alpha,Br44f,1.0,0.0,0.40270656086767515,0.7106932543800432,0.8755039280295209
Siemens,Alpha,Qr40f,1.0,0.0,0.37401931862783916,0.6423697184816749,0.7785736760598162
Siemens,Alpha,Qr40f,1.0,0.0,0.38207087632540404,0.6453982350583471,0.7840031453081641
Siemens,Alpha,Br48f,1.0028796645716378,0.12337349397590364,0.5155030582742176,0.7139589528858542,0.8129422230650003
Canon,Aquilion Prime,FC56,1.0,0.0,0.6215808601101181,0.8241005833494821,1.2697785972811548
Canon,Aquilion Prime,FC35,1.2093517773986784,0.3600908536923162,0.6128765041238422,0.741921888104939,1.2602538760193747
Siemens,Alpha,Br40f_3,1.0,0.0,0.3432709611984013,0.6060301523891285,0.7492704105072611
Siemens,Alpha,Qr40f,1.0,0.0,0.37898486655214103,0.6506391146395478,0.7893096371522704
Siemens,Alpha,Hr76u,1.4116935498746628,0.7065500485908649,1.6265260511515605,2.0690615598439948,2.2625427060786776
Siemens,Alpha,Br84u,1.1612699130394049,0.7065500485908649,1.8250262604865313,2.4836979994535477,2.8303565719121835
Siemens,Alpha,Br68u,1.3970013736057156,0.5483933787731257,1.121373865431914,1.4154452147597687,1.548251132311897
Siemens,Alpha,Br80u,1.0452840636684582,0.6979645191409898,1.5931118448073798,2.221403020009256,2.5641659741640344
Siemens,Alpha,Br72u,1.3917293322071491,0.6233043478260869,1.300622465874608,1.5588349784251025,1.6601202691499852
Siemens,Force,Ur89u,1.0,0.0,2.7992698940230625,3.294597882986738,
Siemens,Alpha,Br76f,1.2516785646384743,0.7222415458937199,1.5638967967375652,1.9944179782399094,2.205918075910651
Siemens,Alpha,Qr84u,1.006132685966333,0.3264927536231884,1.6747880658097405,2.4608882530464067,2.9039725402218997
Siemens,Force,Qr40d,1.0,0.0,0.3809537535396049,0.6490946141907824,0.7856926256589217
Siemens,Force,Qr49d,1.0,0.0,0.5521911815959254,0.9337581668600147,1.1299198972171116
Siemens,Alpha,Br36u,1.0,0.0,0.2915324565808895,0.5133636398403666,0.6422487431277033
Siemens,Force,Ub44u,1.0,0.0,0.3912029964962145,0.6958882777080416,0.8758869128732599
Siemens,Force,Hr40s,1.0,0.0,0.32837028675802643,0.6087091005291729,0.8069866734950719
Siemens,Alpha,Qr48f,1.0416445828879626,0.1434173669467787,0.5325987208337768,0.8995297391324082,1.1034636522368417
Siemens,Alpha,Qr84u,5.345449323691868,2.203544303797469,6.6324286117299005,,
Siemens,Alpha,Br40u_1,1.0,0.0,0.35592644674901897,0.614617675989302,0.7671431369734861
Siemens,Alpha,Br98u,1.0767942406217244,0.5452081316553725,2.263165117056294,3.449905995256296,4.5137297874683195
Siemens,Alpha,Hr40f_4,1.0,0.0,0.3084647659642137,0.5985158637149064,0.8072909497529167
Siemens,Alpha,Qr76f,1.398064634029093,0.44937441643323994,1.6362432842138104,1.8552442485213139,2.5902808318396406
Siemens,Alpha,Hr92u,1.2538572964275139,0.9656769374416432,2.9580265963023287,3.3258710358770838,3.5274476895406046
Siemens,Alpha,Qr48f,1.0,0.0,0.511915185885647,0.8881721337984769,1.084266613680237
Siemens,Alpha,Br40f_4,1.0,0.0,0.33700245214716146,0.6037723702221861,0.7460823909503669
Siemens,Alpha,Hc40u,1.0,0.0,0.30097955710220164,0.5844905503734823,0.7837041909452531
Siemens,Force,Hr59h,1.0997566139993276,0.39682419659735346,0.8076182753614917,1.0161530708049888,1.1086455320096797
Siemens,Alpha,Hr40u_3,1.0,0.0,0.3265943675779457,0.6153803718744361,0.8156968155720079
Siemens,Alpha,Br76u,1.138604782258552,0.6979645191409898,1.447174501464527,1.9632338378079044,2.191122527288076
Siemens,Alpha,Br40u_4,1.0,0.0,0.3416684619990811,0.6093887474776708,0.7585058534722063
Siemens,Alpha,Hr40f_1,1.0,0.0,0.3255259104591999,0.6095551015798287,0.811308363980476
Canon,Aquilion Prime,FC81,1.2498795524665107,0.5079255553638855,0.9288968552151092,1.188411045835521,1.3868455712218688
Siemens,Force,Qr40d,1.0,0.0,0.38191156993298925,0.6486308363413552,0.7900953564082499
Siemens,Alpha,Br40f_1,1.0,0.0,0.3372674963041037,0.6031264080423538,0.7474136311149737
Siemens,Force,Ur73u,1.0,0.0,1.1412614027076686,1.7420569358911466,2.125974615145512
Siemens,Alpha,Br76u,1.2679614281631353,0.6788422035480859,1.4931503511031088,1.9666408699864375,2.2013825374882017
Siemens,Alpha,Br36u,1.0,0.0,0.29971176441449243,0.5227165613921717,0.6486719414228522
Siemens,Alpha,Qr80u,1.0,0.0,1.4808898121888647,2.2430600600978576,2.6203168024534946
Siemens,Force,Hr40s_5,1.0,0.0,0.3666160311053995,0.6850007010583937,0.8973372298472961
Siemens,Alpha,Hc40f,1.0,0.0,0.3235420665011287,0.610639968142174,0.8183254035275239
Siemens,Alpha,Qr84u,1.0557517122040634,0.5075218658892128,1.7324310490570416,2.481222270192721,2.91074027949217
Siemens,Alpha,Hr76f,1.1035440142837822,0.7553314659197012,1.5026203646008902,1.9964184127621842,2.174572545136727
Siemens,Alpha,Br68f,1.4391033337501329,0.5483933787731257,1.1533463917001479,1.4257342231144061,1.5359372946713648
Siemens,Force,Ur73u,1.0868340935416403,0.49737142857142846,1.4236112097699631,1.7606706537094263,1.9834729051619502
Siemens,Alpha,Qr48f,1.0,0.0,0.4995675098380628,0.8791395380693586,1.0760580084169704
Canon,Aquilion Prime,FC17,1.0,0.0,0.3464888709564523,0.567467228288772,0.7326927569867551
Siemens,Alpha,Hr40u_4,1.0,0.0,0.3219568941059933,0.6092157903737693,0.8149355952788016
Siemens,Force,Br40d,1.0,0.0,0.3513962560944992,0.6098767488003289,0.7635699145320891
Siemens,Alpha,Br40u,1.0,0.0,0.34718113826251895,0.6086128823366358,0.761627426256114
Siemens,Alpha,Qr84u,1.0401570571980518,0.48761904761904756,1.7467772653461833,2.5181354835441336,2.948593689618997
Siemens,Alpha,Qr56f_3,1.0,0.0,0.6745572507832748,1.087423478945031,1.2375855999131498
Siemens,Alpha,Br40f,1.0,0.0,0.3480815080015138,0.6111988864964716,0.7629470688357428
Siemens,Alpha,Br40u_1,1.0,0.0,0.3449673716872633,0.6089014811094998,0.7603140380285791
Siemens,Alpha,Hr60u,1.264888880394669,0.4229779058597502,0.8508563170494039,1.0823137955978666,1.2056593221975154
Siemens,Force,Qr54d_3,1.0,0.0,0.6712314180213499,1.137999034232404,1.3463344326426618
Siemens,Alpha,Bv40u,1.0,0.0,0.3707499204745406,0.6361083298308673,0.7844772590380896
Siemens,Alpha,Br76f,2.0114719668445367,0.5449859943977591,1.7441400005333072,2.2177421378816016,4.170593592327186
Siemens,Force,Bf40d,1.0,0.0,0.3836821429428403,0.7112115033751755,0.8027619044889749
Siemens,Force,Hr49s,1.0004514228270773,0.08912959381044487,0.535647919254899,0.7311750293167919,0.8326173124546965
Siemens,Alpha,Br72f,1.4669870011627797,0.6203168685927306,1.3624617232467697,1.6225644559761665,1.9769603907732594
Siemens,Alpha,Br56f,1.088659606328419,0.29806572769953055,0.7033721854988304,0.9168127609380597,1.019950907137258
Siemens,Alpha,Qr40u,1.0,0.0,0.3771099530749537,0.6477630063891675,0.7876164610516022
Siemens,Alpha,Br40u,1.0,0.0,0.35587043366694254,0.6138368096255606,0.7664888769831614
Siemens,Alpha,Hr60f,1.2369332744362986,0.4229779058597502,0.838039173087805,1.0732520635212515,1.2055903966447385
Siemens,Alpha,Hc40u,1.0,0.0,0.3343755277572511,0.6141716052263193,0.8251796179690969
Siemens,Alpha,Hr92u,1.0,0.0,1.3117152363035731,3.025918727251309,3.357233904183127
Siemens,Force,Ur77u_5,1.0,0.0,1.444270063260655,2.165772756792028,2.399969221763712
Siemens,Alpha,Br40f_1,1.0,0.0,0.3481234577808562,0.6113958289629684,0.7642214903900673
Siemens,Alpha,Qr76f,1.0,0.0,1.4077583078849458,1.81952735646015,1.9791813319691367
Siemens,Alpha,Qr76u,1.0006756770216358,0.2089795918367347,1.401530315118964,1.994072677571085,2.320840240802974
Siemens,Force,Hf40s,1.0,0.0,0.32405099764585615,0.6486836176629052,0.8335669023806177
Siemens,Alpha,Br84u,1.2823151262639607,0.8805410628019323,2.1915618124354257,2.769886561293136,2.994010529494318
Siemens,Alpha,Hr98u,1.0,0.0,1.2876376885739973,3.8033637896118764,4.362930178254782
Siemens,Alpha,Br48u,1.0,0.0,0.507813443263105,0.7077697601025718,0.804305910341599
Siemens,Alpha,Qr89u,1.0361350949391668,0.5045797101449275,1.772528128523279,2.769335616229881,3.222844076897539
Siemens,Alpha,Qr56f_3,1.0,0.0,0.6676848149655842,1.0948483155938384,1.2518888839177778
Siemens,Force,Qr49d,1.0,0.0,0.552039202722191,0.9308318944990288,1.127075958835296
Siemens,Alpha,Br44f,1.0,0.0,0.3974561736268633,0.7024781942200621,0.8689458682641773
Siemens,Alpha,Br98u_3,1.0,0.0,1.2552643227752807,3.448223677838336,4.1832283523684435
Siemens,Alpha,Bv40u,1.0,0.0,0.3776506477889864,0.648778598974951,0.7922478115947978
Siemens,Alpha,Qr80u,1.0345208191249515,0.48761904761904756,1.5960209334150077,2.30307688560369,2.6902864933489754
Siemens,Alpha,Hr76u,1.0953587535074831,0.7553314659197012,1.5186800715518538,2.025867482113673,2.2345152716317838
Siemens,Alpha,Br44u,1.0,0.0,0.40907793878930987,0.7120715961628783,0.8762628454039898
Siemens,Alpha,Hr98u,1.007639932167298,0.7098955365622033,3.5996141164191555,4.271724535849034,6.054968756718653
Siemens,Alpha,Br68f,1.406626227014647,0.5517442922374429,1.1520601225781373,1.4251879874634517,1.5436619164818197
Siemens,Alpha,Hr40f,1.0,0.0,0.32286899564027566,0.6094046588196084,0.8157677517339342
Siemens,Alpha,Br40f,1.0,0.0,0.3380874056756782,0.6008037881206474,0.742132359285754
Siemens,Alpha,Br48f,1.0052855047310336,0.13900452488687784,0.5151209461521948,0.7138840436224194,0.8124331123761205
Siemens,Alpha,Hr92u,1.0152417829636267,0.9596908212560387,2.731517560028271,3.274578327509563,3.4650913811450357
Canon,Aquilion Prime,FC18,1.0,0.0,0.3791239601030835,0.6110285098765963,0.709565434871806
Siemens,Alpha,Hr40f_1,1.0,0.0,0.3148059224597422,0.6058121330910899,0.8084475694484667
Siemens,Alpha,Br72f,1.4798905591182308,0.5803650336215177,1.3444988004059633,1.5903446580118026,1.862243657780193
Siemens,Alpha,Qr76f,1.0,0.0,1.4649444740445008,1.8415174932897187,2.0073050524413993
Siemens,Alpha,Br98u,1.0,0.0,2.042053632184076,3.1838758434657985,4.079951499017229
Siemens,Alpha,Qr48u,1.0,0.0,0.5142075619433761,0.8790977358324975,1.0730462601850181
Siemens,Alpha,Br40f,1.0,0.0,0.3502928220531096,0.6113996150420251,0.7655823330878558
Siemens,Alpha,Qr48u,1.0,0.0,0.4921241391836518,0.8475819223674937,1.0435852742333014
Siemens,Force,Br49d,1.0,0.0,0.5002305107142193,0.7507347286129189,0.8865542044906713
Siemens,Alpha,Qr80u,1.0157923537328322,0.4056425120772947,1.5635450883190165,2.2646900734669266,2.6509721802193136
Siemens,Alpha,Qr84u,1.0023839304094244,0.26713043478260873,1.6572912799577015,2.4395987155285206,2.88867263656743
Siemens,Alpha,Hr44u,1.0,0.0,0.3906616292675148,0.6959273193729018,0.8736817326160594
Siemens,Alpha,Hr76f,1.2126043903811985,0.7065500485908649,1.5559352514108151,1.98925294491048,2.2188745530067617
Siemens,Alpha,Br76f,1.513025959020836,0.7170868347338935,1.6379643465795408,2.048938555622185,2.2344111085586116
Siemens,Force,Hr69h,1.2296720005022848,0.6287719298245614,1.19217030681468,1.5148967432056064,1.7130994504662669
Siemens,Alpha,Qr56f_3,1.0,0.0,0.6406471189055372,1.0897067213442075,1.2568165943177898
Siemens,Alpha,Hr48u,1.0047408159842084,0.1247610121836926,0.49402389553789816,0.752155889649408,0.9156902124919662
Siemens,Alpha,Br48f,1.0005809894780127,0.08541241890639481,0.5140010947746071,0.712452682709165,0.8123807967545802
Siemens,Alpha,Br98u,1.0011374944639078,0.16819323671497585,2.0594935872779327,3.42629745101905,6.252437122571152
Siemens,Alpha,Br40u_4,1.0,0.0,0.3449736322026509,0.6038485234359446,0.736957796652789
Siemens,Force,Hr40s,1.0,0.0,0.3622038050803321,0.6835124283070905,0.8969133701674393
Siemens,Alpha,Qr56u_3,1.0,0.0,0.646573191129076,1.0790615025480295,1.2424463305937505
Siemens,Force,Ur77u,1.2070172267605412,1.0356143667296784,1.65459728562857,2.2448704785969635,2.622974539025908
Siemens,Alpha,Br76u,1.385135905093138,0.7463556851311952,1.6436543821936545,2.085152860446246,2.272359096424214
Siemens,Alpha,Br72u,1.4947150572711485,0.6035169082125604,1.31971948123339,1.566628623978542,1.673064990036257
Siemens,Alpha,Bv40u,1.0,0.0,0.3795824434186926,0.6394243387881074,0.7774758662718543
Siemens,Alpha,Qr84u,1.050438542460735,0.440956937799043,1.7371094862641059,2.4634399881443474,2.9646011370254093
Canon,Aquilion Prime,FC18,1.0,0.0,0.4467491432501939,0.6612634689985271,0.7268390486368825
Siemens,Alpha,Hr44f,1.0,0.0,0.3745825132622035,0.6868605550589463,0.8696084095352731
Siemens,Alpha,Bv40f,1.0,0.0,0.36626110468092693,0.6409555100734952,0.7758081904201828
Siemens,Alpha,Br40f_1,1.0,0.0,0.3456439193347111,0.6104217886010471,0.7621139916041788
Siemens,Alpha,Br36u,1.0,0.0,0.27667499576202687,0.5126330061466035,0.6431790570551269
Siemens,Alpha,Br40u_3,1.0,0.0,0.33231202831589035,0.6025610256524974,0.7502231076758162
Siemens,Force,Ur77u,1.000012406400484,0.048761904761904756,1.3950464833255023,1.9468981208514984,2.309877891083831
Siemens,Alpha,Br40u_4,1.0,0.0,0.34593073334909663,0.6124264001274562,0.7541047073734495
Siemens,Force,Br44d,1.0,0.0,0.40544943795263244,0.7092463283133215,0.8708333299975608
Siemens,Alpha,Bv40f,1.0,0.0,0.38286216587986704,0.652270831884216,0.7972826177887925
Canon,Aquilion Prime,FC18,1.0,0.0,0.3830777581745381,0.6133378585794383,0.7119580898623713
Siemens,Alpha,Br92u,1.008591780307748,0.3264927536231884,2.0394052552090214,2.910916456873869,3.443546438359246
Siemens,Alpha,Br40f_3,1.0,0.0,0.3438459663114816,0.6104462518811442,0.7628988779733387
Siemens,Force,Ur77u_3,1.0,0.0,1.42518291418107,2.1004582746367797,2.359329799116045
Siemens,Alpha,Br98u,1.093494965718876,0.8607536231884059,3.649770527107901,4.257404104051536,5.999606312711838
Siemens,Alpha,Qr76f,1.0,0.0,1.4275106847457921,1.8258107839444497,1.985026412933666
Siemens,Alpha,Qr56f_3,1.0,0.0,0.6620860330680469,1.0923554391134795,1.2541931803913435
Siemens,Alpha,Br92u,5.122132161394975,2.203544303797469,6.532634623224294,,
Siemens,Alpha,Hr40u,1.0,0.0,0.33355005415361283,0.6124474327424181,0.8231945971183204
Canon,Aquilion Prime,FC19,1.0,0.0,0.41116895814318777,0.8100741925150056,1.1026308516372612
Siemens,Force,Bf40d,1.0,0.0,0.38386069250192906,0.7097886698569301,0.8053649357571254
Siemens,Force,Br69d,1.0,0.0,0.9783763542459901,1.537029709306067,1.7465863201741463
Siemens,Alpha,Hr60u,1.1816379719504146,0.3660676328502416,0.7877063514016465,1.0294754797210965,1.1697364322655868
Siemens,Alpha,Br40u,1.0,0.0,0.3491611832916859,0.6026089642172383,0.7436573888902092
Siemens,Alpha,Br92u,1.0,0.0,1.33335280532157,3.035527224667823,3.3639265987398264
Siemens,Alpha,Hr84u,1.2581210807683703,0.7937224880382776,2.10960918859261,2.7212294732990463,2.9482843102664917
Siemens,Alpha,Hr44u,1.0,0.0,0.3657701514914917,0.6650828587240925,0.8442057204323171
Siemens,Alpha,Bv40u,1.0,0.0,0.38339145109038475,0.651205618039889,0.7886206542413482
Siemens,Alpha,Qr76f,1.0,0.0,1.4089117977699335,1.8254199380051859,2.1670376992551517
Siemens,Alpha,Br84u,1.0860695962125528,0.6826666666666668,1.7777481261782475,2.449386281756064,2.8032593192926574
Siemens,Alpha,Hr40f_3,1.0,0.0,0.3093094668284564,0.5994829260978314,0.808332337942005
Siemens,Alpha,Hr98u,1.0,0.0,3.266087961675877,4.072217507235476,4.534494906712983
Siemens,Alpha,Br48f,1.0,0.0,0.5080911932406479,0.7052227459143604,0.8013133440323694
Siemens,Alpha,Br40f_4,1.0,0.0,0.3419387891943298,0.6103521141780638,0.7612253601880931
Siemens,Alpha,Qr40u,1.0,0.0,0.37924208325963543,0.6386144500614571,0.7735470137071159
Siemens,Alpha,Hr60f,1.2648222296530731,0.4229779058597502,0.8478288686547778,1.0803208212381992,1.2052163072119797
Siemens,Alpha,Qr76f,1.0,0.0,1.3362390504510706,1.7953156319089896,2.121248638608687
Siemens,Alpha,Hc40u,1.0,0.0,0.32824064290532584,0.6167244233593198,0.8251334183454908
Siemens,Alpha,Hr44f,1.0,0.0,0.3642162115739913,0.678407978348394,0.8645408159567378
Siemens,Force,Br59d,1.0,0.0,0.6756980599964442,1.0578124894532794,1.2413986443530185
Siemens,Alpha,Br68f,1.3594539772967515,0.5672863849765258,1.145929653720119,1.4225225308549894,1.5436697709265725
Siemens,Alpha,Hr48u,1.0,0.0,0.4853146738840723,0.7449031113908039,0.9146011098401656
Siemens,Alpha,Bv40u,1.0,0.0,0.36970849629157876,0.6424786556372819,0.7883193634962048
Siemens,Alpha,Br40u,1.0,0.0,0.3417484598222123,0.598196908996997,0.752949538723586
Siemens,Alpha,Br36f,1.0,0.0,0.2989889884793452,0.5228560348712152,0.6482719497657167
Canon,Aquilion Prime,FC13,1.0,0.0,0.315718381186038,0.7433477471680514,1.08046659269563
Siemens,Alpha,Br68u,1.5366376037238867,0.533041095890411,1.145699439918538,1.4177014129345071,1.5462650842462256
Siemens,Alpha,Br76f,1.2471545358851788,0.7662585034013606,1.5740697616088855,2.031121714507333,2.5713778486919474
Siemens,Alpha,Br40f,1.0,0.0,0.33759623246279435,0.602711276375824,0.7486338437687735
Siemens,Alpha,Hr40u_3,1.0,0.0,0.292583761532388,0.5800139993755211,0.7782093711129101
Siemens,Alpha,Hr68f,1.335526341924056,0.5483933787731257,1.1498224762470377,1.4265971307689769,1.5461024087863975
Siemens,Alpha,Br44f,1.0,0.0,0.38919325865956306,0.6967452190786593,0.8622884380222716
Siemens,Alpha,Qr89u,1.031255089070425,0.5067413632119514,1.7972070623800436,2.812755081580709,3.4476202502440363
Siemens,Alpha,Hr98u,1.1038674562009312,0.7038141335914809,3.1870632472453773,4.043328257332615,4.377565431002936
Siemens,Alpha,Br98u_3,1.0291394129549938,0.9554759660697455,3.124649203870393,4.137126233463553,4.521625367123305
Siemens,Alpha,Qr48u,1.0,0.0,0.5191046307503964,0.8830437656410182,1.075613527104275
Siemens,Alpha,Hr44u,1.0,0.0,0.3782493593510633,0.6916324725801966,0.8756935906331318
Siemens,Alpha,Hr48f,1.0,0.0,0.47609239443517914,0.738036366331823,0.9101284786301828
Siemens,Alpha,Qr48f,1.0,0.0,0.4986352694664402,0.869909341752709,1.071288270070655
Siemens,Alpha,Br48u,1.000256127400234,0.064868778280543,0.4988025993707388,0.6984194435773379,0.8016514331980713
Siemens,Alpha,Hr68u,1.3639613312088716,0.5683349561830573,1.1550517991990614,1.429823700105357,1.5411395472259866
Siemens,Alpha,Br72u,1.206526631812605,0.5233558341369333,1.1440375164081853,1.491760679080098,1.6482867806921657
Siemens,Alpha,Br56f,1.07697988201796,0.2825499524262607,0.6916995344544906,0.9080069608404622,1.0186478849588987
Siemens,Force,Hr32s,1.0,0.0,0.23779680799630082,0.4513471561762849,0.5988912354363711
Siemens,Alpha,Br92u,1.0018252099833853,0.4262536302032913,1.9991431871916046,2.9028189260450503,3.264023529775919
Siemens,Alpha,Br40u,1.0,0.0,0.3326153627293769,0.6008048605141209,0.7531273683981817
Siemens,Alpha,Hr60u,1.3156087943823205,0.4229779058597502,0.8586388770191288,1.0854390205362903,1.2048647528689966
Siemens,Alpha,Br36f,1.0,0.0,0.2892937421090137,0.515243540014455,0.6425562486142077
Siemens,Alpha,Br68u,1.3533311780801212,0.5483933787731257,1.1177832182252052,1.4073533369684388,1.5387809623485444
Siemens,Alpha,Br84u,1.0,0.0,1.6860908126441692,2.425934320066155,2.8662308563575514
Siemens,Alpha,Br84u,1.0,0.0,1.7405912108290549,2.4419315359345375,2.8158066631148113
Siemens,Alpha,Hr40f_4,1.0,0.0,0.3103774345681718,0.604098748308872,0.8064157170253947
Siemens,Alpha,Hr40u,1.0,0.0,0.33525597148516806,0.6181538370116978,0.8220380824061952
Siemens,Alpha,Br36u,1.0,0.0,0.30606914242196803,0.5259683287459718,0.6499743001721525
Siemens,Alpha,Br40f,1.0,0.0,0.34812055962703103,0.6069813375954478,0.7538771105073062
Siemens,Alpha,Qr89u,1.0482186312366377,0.46771622934888246,1.770636342424063,2.7518364197233103,3.3216600564211918
Siemens,Alpha,Br48u,1.0000711931814403,0.047451343836886005,0.49494144086479863,0.696459560004917,0.7968348546257824
Siemens,Alpha,Hr60u,1.2394563583820097,0.40330451488952934,0.8454831260861068,1.0774271173496517,1.1993950814739833
Siemens,Force,Br40d_1,1.0,0.0,0.34425986919887447,0.6071899301404663,0.7594150213125057
Siemens,Force,Br69d,1.3368112987099106,0.6167495219885277,1.18702187113599,1.5248279157486224,1.7229121404212424
Siemens,Alpha,Br76u,1.0651769155243784,0.696663560111836,1.4113397017953118,1.9317651837277454,2.1734652066020446
Siemens,Alpha,Br36u,1.0,0.0,0.3044316483063995,0.5213763130510581,0.6470715438547748
Siemens,Alpha,Qr56u_3,1.0,0.0,0.6155099181490467,1.080935687227728,1.3170041298478448
Siemens,Alpha,Hr36f,1.0,0.0,0.280849959917638,0.5216322044105377,0.7017502484013991
Siemens,Alpha,Br44u,1.0,0.0,0.40157519851691625,0.707860356730736,0.873615179047091
Siemens,Alpha,Hr36u,1.0,0.0,0.2809871840473469,0.5272287009348228,0.7027171906672675
Siemens,Alpha,Br76u,1.0,0.0,1.345113354368153,1.8827855502431197,2.1952973622529144
Siemens,Alpha,Qr76u,1.005846275958874,0.3283965014577259,1.4168310379683708,2.001604430514991,2.334169485628261
Siemens,Alpha,Hr92u,1.160545739115881,0.801391304347826,2.754978740299405,3.2662413731198763,3.4476610062714816
Siemens,Alpha,Br98u,1.0,0.0,2.0840657091706807,3.2321327759205722,4.09454396067877
Siemens,Alpha,Br92u,1.043565859842754,0.6035169082125604,2.1265497803392135,3.009331281491699,3.396380770448742
Siemens,Alpha,Qr56f_3,1.0,0.0,0.6731300485654768,1.0873390739729152,1.2419044525890557
Siemens,Force,Hr32s,1.0,0.0,0.25701588895549854,0.49301248204374054,0.657171806520442
Siemens,Alpha,Br40u_3,1.0,0.0,0.3456855576107556,0.6113302062598994,0.7615408736426148
Siemens,Force,Hr40s_3,1.0,0.0,0.3649810851980404,0.6844738608406467,0.8958129139765875
Siemens,Force,Hr44s,1.0,0.0,0.38411841980959366,0.6834406823754035,0.8642549739706796
Siemens,Alpha,Bv40u,1.0,0.0,0.3869262070330914,0.6530454223972048,0.796820351719762
Siemens,Alpha,Qr89u,1.0039657901515937,0.30670531400966183,1.7094650139969945,2.7074524804286564,3.2646860709669507
Siemens,Alpha,Qr48u,1.0,0.0,0.4804249169607803,0.8611342852395033,1.0838954306419797
Siemens,Alpha,Br56u,1.081430126571184,0.29806572769953055,0.6934265094407305,0.9106119377692732,1.0157760771081294
Siemens,Alpha,Hr68u,1.3510529650273526,0.5748430066603234,1.1570739195387107,1.4273905598457364,1.5413796659470023
Siemens,Alpha,Hc40f,1.0,0.0,0.31507895685948495,0.6035220946448224,0.8129557729767749
Siemens,Alpha,Qr80u,1.0802567900939748,0.5672303206997085,1.882542111584986,2.551051385371349,2.8760775306892743
Siemens,Alpha,Br40f_3,1.0,0.0,0.33650669629140084,0.6039535169752159,0.7460878784783401
Siemens,Alpha,Br36f,1.0,0.0,0.2812044408771844,0.5152381511003957,0.6436794449733283
Siemens,Alpha,Bv40f,1.0,0.0,0.3821284994285977,0.6462907234897667,0.7882007770231801
Siemens,Force,Br32d,1.0,0.0,0.24654472689834617,0.44719897403313497,0.5539898997411354
Siemens,Alpha,Br40f_4,1.0,0.0,0.3420426562325254,0.6059891458857298,0.7483825724686168
Siemens,Alpha,Qr76u,1.030671841358365,0.44937441643323994,1.6010908044641712,2.166250323766217,2.4764701798355278
Siemens,Force,Bv40d,1.0,0.0,0.38256102712158563,0.6495209831601446,0.795857930806881
Siemens,Alpha,Br40u_1,1.0,0.0,0.33889637935804473,0.5975157077795751,0.7502476869347421
Siemens,Alpha,Bv40f,1.0,0.0,0.37947163193285155,0.6515806424824927,0.7947768609586637
Siemens,Force,Hc40s,1.0,0.0,0.32917860859677117,0.6102339506136034,0.8089684967713805
Siemens,Alpha,Br98u,1.0022097707326014,0.22537799043062198,2.088699009092925,3.121457499340871,4.269311878864654
Siemens,Alpha,Qr40u,1.0,0.0,0.386939669884609,0.6521173023008303,0.7917104618267989
Siemens,Alpha,Br76u,1.2664347955527664,0.6468415937803693,1.4910241301540208,1.9664647160653828,2.204773848391139
Siemens,Alpha,Br36f,1.0,0.0,0.294957988871509,0.5202896961144028,0.6479388028609218
Siemens,Alpha,Br44u,1.0,0.0,0.39197791126799486,0.6899896364146056,0.8571490290523784
Siemens,Alpha,Br56u,1.0204737337962104,0.21508675799086757,0.6579232256560368,0.8977621715792478,1.0226846941828318
Siemens,Alpha,Qr40f,1.0,0.0,0.37868369262998214,0.6489854857034046,0.7912781461221842
Siemens,Alpha,Hr68u,1.206041417232942,0.46849673202614384,1.0200289586840852,1.3337608999057786,1.5018469700901513
Siemens,Alpha,Hr68u,1.474210520102486,0.5553568030447193,1.177728489452279,1.4355491003818095,1.5424711484702918
Siemens,Alpha,Br76f,1.1964955533454016,0.6788422035480859,1.523649175539564,2.003755148632434,2.191900743181384
Siemens,Alpha,Br56u,1.108977174189234,0.3365258215962441,0.7002402605662248,0.9099692721786737,1.020355752232365
Siemens,Alpha,Br40f_3,1.0,0.0,0.34129655695574024,0.6084322726311019,0.7626498733124011
Siemens,Alpha,Br40u_3,1.0,0.0,0.3463070760215546,0.6119223128093757,0.7540839061851208
Siemens,Alpha,Br40u,1.0,0.0,0.3472435484313288,0.6102268321522251,0.7545263971831178
Siemens,Alpha,Qr40u,1.0,0.0,0.37033859084088216,0.6417944456880175,0.7840249951008781
Siemens,Alpha,Hr40u,1.0,0.0,0.300166315291029,0.5830690542973891,0.7817103526207175
Siemens,Alpha,Br72u,1.2919266036310249,0.6233043478260869,1.282872572657632,1.5541319400892883,1.6594555950620813
Siemens,Alpha,Hr40f,1.0,0.0,0.3307825635599249,0.6125077348815575,0.8135511151966601
Siemens,Alpha,Br80u,1.171030910971075,0.7024541062801932,1.6535113617961774,2.2249493075850277,2.5533556105986093
Siemens,Alpha,Br40u_1,1.0,0.0,0.34759948462626755,0.6033240740632269,0.7408478384351286
Siemens,Alpha,Br68f,1.2472253273755642,0.5694250706880302,1.1227720199704767,1.417451256923487,1.5630979319220017
Siemens,Alpha,Hr40f_4,1.0,0.0,0.3172609703793225,0.605123928713535,0.8079920203935074
Siemens,Alpha,Hr68f,1.4116715040839203,0.5599258572752548,1.1677110949135674,1.4275334203545542,1.5380491896248032
Siemens,Alpha,Br44u,1.0,0.0,0.4010600192873827,0.707121859145229,0.8674529408422849
Siemens,Alpha,Hr98u,1.0299428038298803,0.7236398838334946,3.2231614371881236,4.08479620341374,4.424295480719874
Siemens,Alpha,Br76u,1.1160805390165416,0.6393852065321806,1.4384767210866762,1.9505882241249772,2.1870076224715636
Siemens,Alpha,Br56u,1.0838637649631186,0.2825499524262607,0.6701748228131501,0.89095134998324,1.0026022871971576
Siemens,Alpha,Br98u,1.0,0.0,1.279799117735993,3.7941863514179848,4.352221138875738
Siemens,Alpha,Br40u_3,1.0,0.0,0.3459726526289887,0.6035498381045884,0.7377605006671906
Siemens,Alpha,Qr40u,1.0,0.0,0.37024638831171786,0.6352920993911292,0.7795863563324458
Siemens,Alpha,Hr40f_1,1.0,0.0,0.3116372512352913,0.6005315127799663,0.8095631179815409
Siemens,Alpha,Hr48u,1.0,0.0,0.46682428636305073,0.7168573038851863,0.8845433246306442
Siemens,Alpha,Br48u,1.003754983905472,0.12047058823529413,0.5100654105931456,0.7101936948530244,0.8091691663962287
Siemens,Alpha,Hr40u,1.0,0.0,0.32744090692304983,0.6150622006316674,0.8231234891632367
Siemens,Alpha,Hr84u,1.286526457890736,0.8805410628019323,2.193213158376521,2.770352740327258,2.9936922304183544
Siemens,Force,Hr69h,1.0,0.0,1.0047097429893899,1.5655601569331843,1.7947750550828043
Siemens,Force,Br40d_5,1.0,0.0,0.34797546676675584,0.6085194138151975,0.7555672204486573
Siemens,Alpha,Qr56f_3,1.0,0.0,0.6384397549104434,1.0798716062606781,1.240664413330095
Siemens,Alpha,Qr56u_3,1.0,0.0,0.6643529414140501,1.076407167021161,1.2306420361435622
Siemens,Alpha,Br48f,1.0,0.0,0.5016595477617054,0.704735945458873,0.8029023427751483
Siemens,Alpha,Br40f_4,1.0,0.0,0.34210001425071834,0.6099907388368117,0.762602635868304
Siemens,Alpha,Hr48u,1.0,0.0,0.48614193228327207,0.7448271805950334,0.9166096678736804
Siemens,Alpha,Hr36f,1.0,0.0,0.2715725580435904,0.5183291535951664,0.6969807261347379
Siemens,Alpha,Qr48u,1.0,0.0,0.5070822839990724,0.8797213906686263,1.0766271502808562
Siemens,Alpha,Br44u,1.0,0.0,0.41461480135993484,0.7148494261781082,0.878751865146482
Siemens,Alpha,Br72f,1.437611307981471,0.6394035414725069,1.3478879751764485,1.587241606946451,1.8277156403695258
Siemens,Alpha,Br44u,1.0,0.0,0.3929971008709802,0.6912528163885241,0.8604822409133794
Siemens,Force,Br59d,1.0309837122072223,0.3387523629489603,0.771200881312232,1.0019996871011012,1.1160291915886364
Siemens,Alpha,Br36u,1.0,0.0,0.3002232665937945,0.5220361103003444,0.6487207535426643
Siemens,Alpha,Qr80u,1.0395791758722188,0.46771622934888246,1.5878755970048741,2.2658895920967836,2.666096341464404
Canon,Aquilion Prime,FC30,1.0020177508399746,0.33415439842661016,0.7743100288987443,1.0734623395149934,1.2705875671867357
Siemens,Alpha,Hr60f,1.211905358042821,0.41112978524743227,0.8333804620868303,1.0723579636439875,1.2046028139277656
Siemens,Alpha,Qr56u_3,1.0,0.0,0.6601102478971318,1.0798573733541756,1.2375014762705354
Siemens,Alpha,Br68u,1.1423873022197026,0.46502316960148293,1.092599519748369,1.391252865419151,1.544890523909907
Siemens,Alpha,Br40f_1,1.0,0.0,0.34365051654774137,0.608527257209397,0.7644509534021864
Siemens,Force,Hc40s,1.0,0.0,0.3628959813003808,0.684724840900055,0.8982096143075136
Siemens,Alpha,Br40f_1,1.0,0.0,0.3357643358267632,0.6012139563954496,0.738936142234614
Siemens,Alpha,Br40u_3,1.0,0.0,0.3427331301257834,0.609200461417205,0.7590385001986447
Siemens,Alpha,Br36f,1.0,0.0,0.29574292596512536,0.5218812267840248,0.6470795060339913
Siemens,Alpha,Hr40u_4,1.0,0.0,0.32438856804019117,0.6145342148466157,0.8145021522866832
Siemens,Alpha,Hr40u_1,1.0,0.0,0.3289245597875927,0.6109929589127863,0.8200521842986032
Siemens,Alpha,Hr48f,1.0254902784989182,0.15956003666361135,0.496016583832271,0.754816556319761,0.9073076316425132
Siemens,Alpha,Qr89u,1.0011168357296234,0.18798067632850243,1.7187319990690517,2.7017607435689897,3.484402814329823
Siemens,Alpha,Br48u,1.0094709384298766,0.15753846153846154,0.5185031442428932,0.7124338797737567,0.8118434536980277
Siemens,Alpha,Br40f,1.0,0.0,0.34586460785827655,0.6085824911121167,0.766274777493984
Siemens,Alpha,Qr48f,1.0,0.0,0.5235370000303952,0.8895560254916212,1.0832950801996861
Siemens,Alpha,Qr56u_3,1.0,0.0,0.600982213219506,1.0737399001822692,1.2416007562451832
Canon,Aquilion Prime,FC18,1.0,0.0,0.37869071285420264,0.6107540338663535,0.7099734783317463
Siemens,Alpha,Br40u_1,1.0,0.0,0.3469429010677286,0.6110584899484904,0.7542106683719179
Siemens,Force,Br40d_3,1.0,0.0,0.346258753215359,0.6081161882419546,0.7575431265647946
Siemens,Alpha,Br56u,1.1144470811837557,0.3172957746478873,0.702001139816942,0.9135360407805537,1.0189583182876205
Siemens,Alpha,Br40u_3,1.0,0.0,0.34913970060737737,0.6133539295223818,0.7628456206863948
Siemens,Alpha,Qr89u,1.0264041261656796,0.664162633107454,2.430664552458039,3.434836146564394,3.9579545422661373
Siemens,Alpha,Br80u,1.2926652622929014,0.8458697764820214,1.9075474022301908,2.45021057237546,2.708497011190783
Siemens,Force,Hr44s,1.0,0.0,0.42923662800611057,0.7388134737741089,0.8839328079399423
Siemens,Alpha,Hr40u_3,1.0,0.0,0.3243752509824971,0.6099479936000642,0.8165351207519935
Siemens,Alpha,Br44f,1.0,0.0,0.4080342682298824,0.7139667245198199,0.877949428683682
Siemens,Alpha,Br80u,1.0,0.0,1.4443908034889978,2.1448788219773465,2.511288001676038
Siemens,Alpha,Hr36f,1.0,0.0,0.2705755889768006,0.516630433555073,0.6934818283227989
Siemens,Alpha,Hr36u,1.0,0.0,0.2848639037810764,0.525780527187115,0.7033939291954667
Siemens,Alpha,Br36f,1.0,0.0,0.29074278979677237,0.5184450976942387,0.6465218223508266
Siemens,Alpha,Br48u,1.0,0.0,0.5081543800333015,0.7044262043152232,0.8034118116070579
Siemens,Alpha,Qr40f,1.0,0.0,0.36591627166361945,0.6400849727446504,0.7723461605722718
Siemens,Force,Br49d,1.0,0.0,0.5278886429251097,0.7390893292927766,0.8405854790024038
Siemens,Alpha,Bv40f,1.0,0.0,0.3792167425348213,0.64990120287831,0.7970213518427547
Siemens,Alpha,Br72u,1.087297492598241,0.6628792270531401,1.2434338854918217,1.547433433853867,1.6780228921775298
Siemens,Alpha,Br44f,1.0,0.0,0.39331411196303884,0.6981722870685029,0.876477083694427
Siemens,Alpha,Qr76u,1.0073593798701155,0.3283965014577259,1.4193040626620477,2.001630335361994,2.3294461776178714
Siemens,Alpha,Br40u_3,1.0,0.0,0.33515683385259376,0.5971375027831846,0.7487805738486779
Siemens,Force,Qr54d,1.0,0.0,0.6636029674848041,1.128371556964702,1.332732319278038
Siemens,Alpha,Br68f,1.4465046723043917,0.5243671497584542,1.1449233366025153,1.4286015273623096,1.5645854229351472
Siemens,Alpha,Hr84u,1.1626449901110238,0.8211787439613527,2.088880737705456,2.7237805316504407,2.97007307506346
Canon,Aquilion Prime,FC86,1.0,0.0,0.7620602605583494,1.0945149276388195,1.2983741687858184
Siemens,Alpha,Bv40u,1.0,0.0,0.3837849006141746,0.6512448252646029,0.7963311917159148
Siemens,Alpha,Qr48u,1.0,0.0,0.4896796313633856,0.865878540960876,1.0591068355948612
Siemens,Force,Hr40s_1,1.0,0.0,0.3622047043638332,0.6835096217928079,0.8969150738715671
Siemens,Alpha,Hr40u_1,1.0,0.0,0.2964473740356733,0.581570912405806,0.7799076538355254
Siemens,Alpha,Qr56u_3,1.0,0.0,0.6393072361839247,1.0809929335437842,1.240618866756307
