Frequency (Hz),MTF_10HU,MTF_30HU,MTF_50HU
0.0012254901960784314,1.0,1.0,1.0
0.0024509803921568627,0.9999882526100422,0.9999906441843631,0.9999913248257974
0.003676470588235294,0.9999530114247479,0.9999625773789439,0.9999652998583856
0.004901960784313725,0.999894279397703,0.9999158015081323,0.9999219267632821
0.006127450980392157,0.9998120614510319,0.9998503197789591,0.9998612083161177
0.007352941176470588,0.9997063644746209,0.9997661366806699,0.9997831484022888
0.00857843137254902,0.9995771973250327,0.9996632579841254,0.9996877520164705
0.00980392156862745,0.9994245708241084,0.9995416907410338,0.9995750252619905
0.011029411764705883,0.9992484977572612,0.9994014432830116,0.9994449753500647
0.012254901960784314,0.99904899287146,0.9992425252204717,0.9992976105988941
0.013480392156862746,0.9988260728729049,0.9990649474413464,0.9991329404326228
0.014705882352941176,0.9985797564243938,0.9988687221096357,0.9989509753801588
0.015931372549019607,0.9983100641423805,0.9986538626637886,0.9987517270738545
0.01715686274509804,0.9980170185937282,0.9984203838149147,0.998535208248052
0.01838235294117647,0.9977006442921542,0.9981683015448273,0.9983014327374898
0.0196078431372549,0.9973609676943704,0.9978976331039163,0.9980504154755716
0.020833333333333332,0.9969980171959194,0.9976083970088555,0.9977821724924987
0.022058823529411766,0.9966118231267066,0.9973006130401416,0.9974967209132677
0.023284313725490197,0.9962024177462302,0.9969743022394647,0.9971940789555281
0.024509803921568627,0.9957698352385095,0.9966294869069139,0.9968742659273084
0.025735294117647058,0.995314111706714,0.9962661905980168,0.9965373022246049
0.02696078431372549,0.9948352851674913,0.9958844381206136,0.9961832093288351
0.028186274509803922,0.9943333955450013,0.9954842555315655,0.9958120098041583
0.029411764705882353,0.9938084846646509,0.9950656701333013,0.9954237272946621
0.030637254901960783,0.9932605962465343,0.9946287104701979,0.9950183865214149
0.031862745098039214,0.9926897758985831,0.9941734063248011,0.9945960132793867
0.03308823529411765,0.9920960711094214,0.9936997887138825,0.9941566344342369
0.03431372549019608,0.9914795312409331,0.993207889884337,0.9937002779189713
0.03553921568627451,0.990840207520541,0.9926977433089181,0.9932269727304691
0.03676470588235294,0.9901781530331982,0.9921693836818174,0.9927367489258777
0.03799019607843137,0.9894934227130975,0.991622846914082,0.9922296376188808
0.0392156862745098,0.9887860733350954,0.9910581701288766,0.9917056709758347
0.04044117647058824,0.9880561635058592,0.9904753916565895,0.9911648822117796
0.041666666666666664,0.987303753654732,0.9898745510297812,0.9906073055863219
0.0428921568627451,0.9865289060243245,0.9892556889779812,0.9900329763993913
0.04411764705882353,0.9857316846608316,0.988618847422329,0.9894419309868708
0.04534313725490196,0.9849121554040763,0.9879640694700649,0.9888342067161041
0.04656862745098039,0.9840703858772856,0.9872913994088682,0.9882098419812775
0.04779411764705882,0.9832064454765991,0.9866008827010462,0.9875688761986794
0.049019607843137254,0.9823204053603121,0.9858925659775737,0.9869113498018374
0.05024509803921569,0.981412338437858,0.9851664970319861,0.9862373042365357
0.051470588235294115,0.9804823193585293,0.984422724814125,0.985546781955711
0.05269607843137255,0.9795304244999435,0.98366129942374,0.9848398264142285
0.05392156862745098,0.9785567319562535,0.9828822721039451,0.9841164820635421
0.05514705882352941,0.9775613215261072,0.9820856952345329,0.9833767943462364
0.056372549019607844,0.9765442747003578,0.9812716223251501,0.9826208096904508
0.05759803921568627,0.975505674649529,0.9804401080083301,0.9818485755041919
0.058823529411764705,0.9744456062110358,0.9795912080323887,0.981060140169529
0.06004901960784314,0.9733641558761673,0.9787249792541832,0.9802555530366791
0.061274509803921566,0.9722614117768295,0.9778414796317356,0.9794348644179779
0.0625,0.9711374636720577,0.9769407682167214,0.9785981255817422
0.06372549019607843,0.9699924029342953,0.9760229051468273,0.9777453887460228
0.06495098039215687,0.9688263225354456,0.975087951637977,0.9768767070722467
0.0661764705882353,0.9676393170326991,0.974135969976427,0.9759921346587561
0.06740196078431372,0.96643148255414,0.9731670235107366,0.9750917265342379
0.06862745098039216,0.9652029167841342,0.9721811766436088,0.9741755386510527
0.06985294117647059,0.9639537189485015,0.9711784948236111,0.973243627878455
0.07107843137254902,0.9626839897994782,0.9701590445367678,0.9722960519957186
0.07230392156862746,0.9613938316004728,0.9691228932980357,0.971332869685154
0.07352941176470588,0.9600833481106122,0.9680701096426579,0.9703541405250318
0.07475490196078431,0.9587526445690941,0.9670007631174007,0.9693599249824052
0.07598039215686274,0.9574018276793363,0.9659149242716732,0.9683502844058366
0.07720588235294118,0.956031005592934,0.964812664648535,0.9673252810180293
0.0784313725490196,0.9546402878934288,0.9636940567755878,0.9662849779083648
0.07965686274509803,0.9532297855798884,0.9625591741557599,0.9652294390253465
0.08088235294117647,0.951799611050305,0.9614080912579788,0.9641587291689555
0.0821078431372549,0.950349878084814,0.9602408835077381,0.9630729139829108
0.08333333333333333,0.9488807018287392,0.9590576272775604,0.9619720599468493
0.08455882352941177,0.9473921987754625,0.9578583998773522,0.96085623436841
0.0857843137254902,0.9458844867491304,0.9566432795446635,0.9597255053752407
0.08700980392156862,0.9443576848871931,0.9554123454348424,0.9585799419069155
0.08823529411764706,0.9428119136227866,0.954165677611095,0.9574196137067716
0.08946078431372549,0.9412472946669562,0.9529033570344491,0.9562445913136669
0.09068627450980392,0.9396639509907297,0.9516254655536223,0.955054946053654
0.09191176470588236,0.9380620068070407,0.9503320858948009,0.9538507500315816
0.09313725490196079,0.9364415875525102,0.9490233016513263,0.952632076122615
0.09436274509803921,0.9348028198690849,0.9476991972732953,0.9513989979636843
0.09558823529411764,0.933145831585543,0.9463598580570741,0.9501515899448584
0.09681372549019608,0.9314707516988644,0.9450053701347269,0.9488899272006481
0.09803921568627451,0.929777710355476,0.9436358204633648,0.9476140856012385
0.09926470588235294,0.9280668388323702,0.9422512968144138,0.9463241417436526
0.10049019607843138,0.9263382695181064,0.940851887762804,0.9450201729428493
0.1017156862745098,0.9245921358936947,0.9394376826760852,0.9437022572227547
0.10294117647058823,0.922828572513369,0.9380087717034657,0.9423704733072298
0.10416666666666667,0.9210477149852537,0.9365652457647844,0.9410249006109782
0.1053921568627451,0.9192496999519245,0.9351071965394068,0.9396656192303904
0.10661764705882353,0.9174346650708727,0.9336347164550598,0.938292709934331
0.10784313725490197,0.9156027489948738,0.9321478986765965,0.9369062541548691
0.1090686274509804,0.9137540913522665,0.9306468370947004,0.9355063339779517
0.11029411764705882,0.9118888327271415,0.9291316263145272,0.9340930321340251
0.11151960784313726,0.9100071146394539,0.9276023616442887,0.932666431988602
0.11274509803921569,0.9081090795250526,0.9260591390837781,0.931226617532781
0.11397058823529412,0.906194870715639,0.9245020553128419,0.9297736733737132
0.11519607843137254,0.9042646324186537,0.9229312076797987,0.928307684725026
0.11642156862745098,0.902318509697101,0.9213466941898073,0.926828737397198
0.11764705882352941,0.9003566484493085,0.9197486134931867,0.9253369177878924
0.11887254901960784,0.8983791953886333,0.9181370648736894,0.9238323128722468
0.12009803921568628,0.8963862980231131,0.9165121482367314,0.9223150101931228
0.1213235294117647,0.894378104635071,0.9148739640975792,0.920785097851318
0.12254901960784313,0.892354764260673,0.9132226135694976,0.919242664495739
0.12377450980392157,0.8903164266694493,0.91155819835186,0.9176877993135412
0.125,0.888263242343777,0.9098808207182225,0.9161205920202327
0.12622549019607843,0.886195362458332,0.9081905835043653,0.9145411328497487
0.12745098039215685,0.8841129388595135,0.906487590096302,0.9129495125444927
0.12867647058823528,0.8820161240448461,0.9047719444182613,0.9113458223453522
0.12990196078431374,0.879905071142361,0.9030437509206392,0.9097301539816853
0.13112745098039216,0.8777799338899643,0.9013031145679296,0.9081025996612816
0.1323529411764706,0.8756408666147929,0.8995501408266294,0.9064632520603041
0.13357843137254902,0.8734880242125648,0.897784935653125,0.9048122043132018
0.13480392156862744,0.8713215621269264,0.896007605481558,0.9031495500026093
0.13602941176470587,0.8691416363288013,0.8942182572116782,0.9014753831492236
0.13725490196078433,0.8669484032957456,0.8924169981966789,0.8997897982016666
0.13848039215686275,0.8647420199913112,0.8906039362310212,0.8980928900263299
0.13970588235294118,0.8625226438444249,0.88877917953825,0.8963847538972086
0.1409313725490196,0.8602904327287834,0.8869428367587996,0.8946654854857226
0.14215686274509803,0.8580455449422717,0.8850950169377942,0.892935180850527
0.14338235294117646,0.8557881391864056,0.8832358295128476,0.8911939364273154
0.14460784313725492,0.8535183745458059,0.8813653843018552,0.8894418490186151
0.14583333333333334,0.8512364104677037,0.8794837914907923,0.8876790157835787
0.14705882352941177,0.848942406741486,0.8775911616215119,0.8859055342277702
0.1482843137254902,0.84663652347828,0.8756876055795481,0.8841215021929517
0.14950980392156862,0.8443189210905848,0.8737732345819242,0.8823270178468677
0.15073529411764705,0.8419897602719513,0.8718481601649738,0.8805221796730329
0.15196078431372548,0.8396492019767146,0.8699124941721654,0.8787070864605203
0.15318627450980393,0.8372974073997831,0.8679663487419471,0.8768818372937572
0.15441176470588236,0.8349345379564889,0.8660098362956011,0.8750465315423248
0.1556372549019608,0.8325607552625016,0.8640430695251167,0.873201268850767
0.1568627450980392,0.8301762211138086,0.8620661613810805,0.8713461491284089
0.15808823529411764,0.8277810974667691,0.8600792250605896,0.8694812725391844
0.15931372549019607,0.8253755464182412,0.8580823739951835,0.867606739491479
0.16053921568627452,0.8229597301857877,0.8560757218388048,0.865722650627985
0.16176470588235295,0.8205338110879647,0.8540593824557817,0.8638291068155729
0.16299019607843138,0.8180979515246954,0.8520334699088427,0.8619262091351793
0.1642156862745098,0.8156523139577317,0.8499980984471586,0.860014058871715
0.16544117647058823,0.8131970608912091,0.8479533824944175,0.8580927575039928
0.16666666666666666,0.8107323548522986,0.8458994366369335,0.8561624066946757
0.16789215686274508,0.8082583583719543,0.8438363756117911,0.85422310828025
0.16911764705882354,0.8057752339657662,0.8417643142950274,0.8522749642610231
0.17034313725490197,0.8032831441149171,0.8396833676898519,0.8503180767911466
0.1715686274509804,0.8007822512472491,0.8375936509149099,0.848352548168667
0.17279411764705882,0.7982727177184407,0.8354952791925864,0.8463784808256064
0.17401960784313725,0.7957547057933007,0.8333883678373557,0.8443959773180744
0.17524509803921567,0.7932283776271778,0.8312730322441784,0.8424051403164087
0.17647058823529413,0.7906938952474944,0.8291493878769418,0.8404060725953529
0.17769607843137256,0.7881514205354013,0.8270175502569572,0.8383988770242666
0.17892156862745098,0.7856011152075612,0.8248776349515019,0.8363836565573731
0.1801470588235294,0.7830431407980611,0.8227297575624178,0.8343605142240423
0.18137254901960784,0.7804776586404595,0.8205740337147636,0.832329553119117
0.18259803921568626,0.7779048298499662,0.818410579045524,0.8302908763932727
0.18382352941176472,0.7753248153057614,0.8162395091923749,0.8282445872434256
0.18504901960784315,0.7727377756334572,0.8140609397825112,0.8261907889031782
0.18627450980392157,0.7701438711877006,0.8118749864215317,0.8241295846333135
0.1875,0.7675432620349231,0.8096817646823897,0.8220610777123295
0.18872549019607843,0.7649361079362409,0.8074813900944058,0.8199853714270252
0.18995098039215685,0.7623225683305026,0.8052739781323476,0.8179025690631306
0.19117647058823528,0.7597028023174942,0.8030596442055743,0.8158127738959889
0.19240196078431374,0.7570769686412979,0.8008385036472518,0.8137160891812867
0.19362745098039216,0.7544452256738099,0.7986106717036371,0.8116126181458355
0.1948529411764706,0.751807731398418,0.7963762635234323,0.8095024639784094
0.19607843137254902,0.749164643393844,0.794135394147214,0.807385729820631
0.19730392156862744,0.7465161188181489,0.7918881784969339,0.8052625187579178
0.19852941176470587,0.7438623143929063,0.7896347313654963,0.8031329338104799
0.19975490196078433,0.7412033863875442,0.7873751674064121,0.8009970779243788
0.20098039215686275,0.7385394906038599,0.7851096011235301,0.7988550539626416
0.20220588235294118,0.735870782360706,0.7828381468608471,0.7967069646964364
0.2034313725490196,0.7331974164788511,0.7805609187923994,0.7945529127963071
0.20465686274509803,0.7305195472660209,0.7782780309122358,0.7923930008234691
0.20588235294117646,0.7278373285021126,0.775989597024471,0.790227331221169
0.20710784313725492,0.7251509134245953,0.7736957307334265,0.788056006306107
0.20833333333333334,0.7224604547140879,0.7713965454338537,0.7858791282599225
0.20955882352941177,0.7197661044801242,0.7690921543012447,0.7836967991207475
0.2107843137254902,0.7170680142471008,0.7667826702822291,0.781509120774824
0.21200980392156862,0.7143663349404126,0.76446820608506,0.7793161949481895
0.21323529411764705,0.7116612168727784,0.7621488741701891,0.777118123198431
0.21446078431372548,0.7089528097307528,0.7598247867409312,0.7749150069065084
0.21568627450980393,0.7062412625614324,0.7574960557342221,0.7727069472686453
0.21691176470588236,0.7035267237593514,0.755162792811466,0.7704940452882943
0.2181372549019608,0.700809341053574,0.7528251093494781,0.7682764017681701
0.2193627450980392,0.6980892614949782,0.7504831164315205,0.7660541173023582
0.22058823529411764,0.6953666314437382,0.7481369248384333,0.7638272922684941
0.22181372549019607,0.6926415965570025,0.745786645039861,0.7615960268200178
0.22303921568627452,0.689914301776769,0.7434323871855762,0.7593604208785038
0.22426470588235295,0.6871848913179622,0.7410742610969004,0.7571205741260632
0.22549019607843138,0.6844535086567064,0.7387123762582232,0.7548765859978271
0.2267156862745098,0.6817202965188021,0.7363468418086196,0.7526285556745009
0.22794117647058823,0.6789853968684032,0.7339777665335685,0.7503765820750011
0.22916666666666666,0.6762489508968966,0.7316052588567707,0.7481207638491668
0.23039215686274508,0.6735110990119838,0.7292294268320676,0.7458611993705523
0.23161764705882354,0.6707719808269678,0.7268503781354625,0.7435979867292973
0.23284313725490197,0.6680317351502415,0.7244682200572437,0.7413312237250778
0.2340686274509804,0.6652904999749845,0.7220830594942097,0.7390610078601376
0.23529411764705882,0.6625484124690608,0.7196950029420011,0.7367874363324014
0.23651960784313725,0.6598056089651251,0.7173041564875319,0.7345106060286678
0.23774509803921567,0.6570622249509338,0.7149106258015284,0.732230613517886
0.23897058823529413,0.6543183950598621,0.7125145161311738,0.7299475550445151
0.24019607843137256,0.6515742530616285,0.7101159322928546,0.7276615265219653
0.24142156862745098,0.6488299318532245,0.707714978665018,0.7253726235261235
0.2426470588235294,0.6460855634500515,0.7053117591811309,0.7230809412889629
0.24387254901960784,0.6433412789772668,0.702906377322749,0.7207865746922372
0.24509803921568626,0.640597208661333,0.7004989361126912,0.7184896182612582
0.24632352941176472,0.6378534818217768,0.6980895381083235,0.7161901661587603
0.24754901960784315,0.6351102268631548,0.6956782853949476,0.7138883121788503
0.24877450980392157,0.6323675712672236,0.6932652795793005,0.7115841497410403
0.25,0.6296256415853205,0.6908506217831608,0.7092777718843728
0.2512254901960784,0.6268845634309466,0.6884344126370646,0.7069692712616247
0.25245098039215685,0.6241444614725589,0.6860167522741295,0.704658740133604
0.2536764705882353,0.6214054594265682,0.6835977403239879,0.7023462703635307
0.2549019607843137,0.6186676800505403,0.6811774759068291,0.700031953411506
0.25612745098039214,0.6159312451366045,0.678756057627552,0.6977158803290683
0.25735294117647056,0.6131962755050673,0.6763335835700253,0.6953981417538365
0.25857843137254904,0.6104628909982277,0.6739101512914595,0.6930788279042435
0.25980392156862747,0.6077312104743984,0.6714858578168856,0.6907580285743541
0.2610294117647059,0.6050013518021305,0.669060799633748,0.6884358331287745
0.2622549019607843,0.602273431854638,0.6666350726866007,0.6861123304976481
0.26348039215686275,0.5995475665044279,0.66420877237192,0.6837876091717395
0.2647058823529412,0.5968238706181284,0.6617819935330225,0.6814617571976094
0.2659313725490196,0.5941024580515186,0.6593548304550937,0.6791348621728744
0.26715686274509803,0.5913834416447586,0.6569273768603265,0.6768070112415593
0.26838235294117646,0.5886669332178168,0.6544997259031702,0.6744782910895349
0.2696078431372549,0.5859530435660965,0.6520719701656871,0.6721487879400465
0.2708333333333333,0.5832418824562586,0.6496442016530192,0.6698185875493298
0.27205882352941174,0.580533558622241,0.6472165117889638,0.6674877752023171
0.27328431372549017,0.5778281797614719,0.6447889914116587,0.6651564357084301
0.27450980392156865,0.5751258525312789,0.642361730769376,0.6628246533974627
0.2757352941176471,0.572426682545489,0.6399348195164232,0.6604925121155522
0.2769607843137255,0.5697307743712211,0.6375083467091543,0.6581600952212385
0.27818627450980393,0.5670382315258715,0.6350824008020877,0.6558274855816116
0.27941176470588236,0.5643491564742844,0.6326570696441332,0.6534947655685482
0.2806372549019608,0.5616636506261137,0.630232440474924,0.6511620170550356
0.2818627450980392,0.558981814333372,0.6278085999212604,0.6488293214115832
0.28308823529411764,0.5563037468881639,0.6253856339936533,0.6464967595027233
0.28431372549019607,0.553629546520603,0.622963628082983,0.6441644116835978
0.2855392156862745,0.5509593103969158,0.6205426669572561,0.6418323577966336
0.2867647058823529,0.5482931346177223,0.6181228347584723,0.639500677168304
0.28799019607843135,0.5456311142164999,0.6157042149995965,0.6371694486059791
0.28921568627450983,0.5429733431582262,0.6132868905616339,0.6348387503948597
0.29044117647058826,0.540319914338196,0.6108709436908111,0.6325086602950014
0.2916666666666667,0.5376709195810189,0.6084564559958607,0.6301792555384215
0.2928921568627451,0.5350264496397871,0.6060435084454089,0.627850612826295
0.29411764705882354,0.5323865941954173,0.6036321813654669,0.6255228083262331
0.29534313725490197,0.5297514418561646,0.6012225544370239,0.6231959176696498
0.2965686274509804,0.5271210801573046,0.5988147066937433,0.6208700159492111
0.2977941176470588,0.5244955955609835,0.5964087165197586,0.6185451777163709
0.29901960784313725,0.5218750734562353,0.5940046616475717,0.6162214769789899
0.3002450980392157,0.5192595981591628,0.5916026191560508,0.6138989871990379
0.3014705882352941,0.5166492529132815,0.5892026654685273,0.6115777812903822
0.30269607843137253,0.5140441198900235,0.586804876350993,0.6092579316166558
0.30392156862745096,0.5114442801894038,0.5844093269103952,0.6069395099892106
0.30514705882352944,0.50884981384084,0.5820160915930288,0.6046225876651525
0.30637254901960786,0.506260799804131,0.5796252441830272,0.6023072353454576
0.3075980392156863,0.5036773159705876,0.577236857800948,0.5999935231731706
0.3088235294117647,0.5010994391643161,0.5748510049024554,0.5976815207316838
0.31004901960784315,0.4985272451436524,0.572467757277098,0.5953712970430969
0.3112745098039216,0.49596080860274255,0.5700871860471792,0.5930629205666568
0.3125,0.49340020317327293,0.5677093616667245,0.5907564591972759
0.3137254901960784,0.4908455014263411,0.5653343539205379,0.5884519802641319
0.31495098039215685,0.48829677487447276,0.5629622319233535,0.5861495505293429
0.3161764705882353,0.48575409397377717,0.5605930641190774,0.5838492361867238
0.3174019607843137,0.48321752812624236,0.55822691828012,0.5815511028606168
0.31862745098039214,0.4806871456821661,0.5558638615068184,0.5792552156048019
0.31985294117647056,0.47816301394272337,0.5535039602269489,0.5769616389014818
0.32107843137254904,0.4756451991626642,0.5511472801953257,0.5746704366603437
0.32230392156862747,0.4731337665531448,0.5487938864934896,0.5723816722176954
0.3235294117647059,0.47062878028468563,0.5464438435294815,0.5700954083356771
0.3247549019607843,0.46813030349025775,0.5440972150377027,0.5678117072015462
0.32598039215686275,0.4656383982684921,0.5417540640788595,0.5655306304270361
0.3272058823529412,0.46315312568701344,0.5394144530399931,0.5632522390477888
0.3284313725490196,0.4606745457858936,0.5370784436345921,0.5609765935228577
0.32965686274509803,0.4582027175812243,0.5347460969027871,0.5587037537342837
0.33088235294117646,0.4557376990688053,0.5324174732116271,0.5564337789867417
0.3321078431372549,0.453279547227949,0.5300926322554386,0.5541667280072575
0.3333333333333333,0.4508283180253955,0.5277716330562602,0.5519026589449946
0.33455882352941174,0.44838406641933953,0.5254545339643611,0.5496416293711097
0.33578431372549017,0.4459468463635646,0.523141392658834,0.5473836962786769
0.33700980392156865,0.4435167108116844,0.5208322661482664,0.5451289160826794
0.3382352941176471,0.44109371172148765,0.518527210771489,0.542877344620069
0.3394607843137255,0.4386779000593857,0.5162262821983981,0.5406290371498907
0.34068627450980393,0.4362693258049592,0.5139295354308524,0.5383840483534742
0.34191176470588236,0.43386803795560397,0.5116370248036443,0.5361424323346895
0.3431372549019608,0.4314740845312717,0.5093488039855433,0.5339042426202684
0.3443627450980392,0.42908751257930505,0.50706492598041,0.5316695321601868
0.34558823529411764,0.4267083681793643,0.5047854431283828,0.529438353328113
0.34681372549019607,0.4243366964484434,0.5025104071071317,0.5272107579219157
0.3480392156862745,0.4219725415459744,0.5002398689331832,0.5249867971642364
0.3492647058823529,0.41961594667901636,0.4979738789633118,0.5227665217031182
0.35049019607843135,0.4172669541075289,0.4957124868959987,0.5205499816126999
0.35171568627450983,0.41492560514972604,0.49345574177295576,0.5183372263939647
0.35294117647058826,0.41259194018750994,0.49120369198071506,0.5161283049755506
0.3541666666666667,0.4102659986719824,0.48895638525228274,0.5139232657146178
0.3553921568627451,0.4079478191290306,0.48671386866885474,0.5117221563977716
0.35661764705882354,0.4056374391649876,0.4844761886615953,0.5095250242420453
0.35784313725490197,0.40333489547236223,0.4822433910134762,0.5073319158959344
0.3590686274509804,0.40104022383564003,0.4800155208611767,0.5051428774404897
0.3602941176470588,0.3987534591371496,0.4777926226970412,0.5029579543904608
0.36151960784313725,0.3964746353629964,0.47557474037109737,0.5007771916954964
0.3627450980392157,0.39420378560905717,0.4733619170931278,0.49860063374139535
0.3639705882352941,0.3919409420870383,0.4711541954348026,0.49642832435140943
0.36519607843137253,0.389686136130591,0.46895161733186264,0.4942603067875982
0.36642156862745096,0.38743939820148554,0.4667542240863596,0.49209662375223356
0.36764705882352944,0.38520075789584063,0.4645620563689492,0.48993731738925433
0.36887254901960786,0.382970243950405,0.46237515422123565,0.4877824292857698
0.3700980392156863,0.38074788424889233,0.460193557058168,0.48563200047361
0.3713235294117647,0.37853370582836476,0.4580173036704873,0.4834860714309259
0.37254901960784315,0.3763277348856636,0.4558464322272215,0.4813446820838334
0.3737745098039216,0.3741299967838878,0.45368098027823156,0.47920787180810503
0.375,0.37194051605891415,0.45152098475680175,0.47707567943090595
0.3762254901960784,0.3697593164259614,0.44936648198227874,0.47494814323257384
0.37745098039215685,0.3675864207861934,0.44721750766275536,0.47282530094844377
0.3786764705882353,0.36542185123336146,0.4450740968977994,0.4707071897707141
0.3799019607843137,0.3632656290604836,0.44293628418122455,0.4685938463503554
0.38112745098039214,0.3611177747665572,0.4408041034039062,0.46648530679906014
0.38235294117647056,0.3589783080633067,0.4386775878566372,0.4643816066912338
0.38357843137254904,0.35684724788196154,0.4365567702330249,0.462282781066024
0.38480392156862747,0.3547246123800629,0.4344416826324282,0.46018886442939017
0.3860294117647059,0.3526104189483008,0.4323323565629335,0.4580998907562112
0.3872549019607843,0.3505046842173744,0.43022882294436776,0.4560158934924293
0.38848039215686275,0.34840742406487873,0.4281311121113495,0.45393690555723243
0.3897058823529412,0.3463186536222134,0.4260392538163762,0.45186295934527093
0.3909313725490196,0.344238387281513,0.42395327723294457,0.4497940867289106
0.39215686274509803,0.34216663870259567,0.4218732109587082,0.4477303190605203
0.39338235294117646,0.3401034208199315,0.4197990830186659,0.44567168717479205
0.3946078431372549,0.3380487458496254,0.41773092086838437,0.4436182213910952
0.3958333333333333,0.33600262529641584,0.41566875139725035,0.44156995151586265
0.39705882352941174,0.33396506996068565,0.41361260093175567,0.43952690684500856
0.39828431372549017,0.331936089945486,0.41156249523881033,0.4374891161663767
0.39950980392156865,0.329915694663568,0.40951845952908444,0.43545660776221873
0.4007352941176471,0.32790389284442517,0.40748051846037925,0.4334294094117028
0.4019607843137255,0.3259006925413421,0.40544869614102425,0.431407548393449
0.40318627450980393,0.3239061011384477,0.4034230161333009,0.42939105148809475
0.40441176470588236,0.3219201253577746,0.4014035014568912,0.42737994498088566
0.4056372549019608,0.31994277126631937,0.39939017459235127,0.4253742546642939
0.4068627450980392,0.3179740442831052,0.3973830574846084,0.42337400584066226
0.40808823529411764,0.31601394918624415,0.3953821715464808,0.4213792233248724
0.40931372549019607,0.3140624901199974,0.39338753766221907,0.419389931447039
0.4105392156862745,0.31211967060183443,0.3913991761910693,0.4174061540552259
0.4117647058823529,0.31018549352948577,0.38941710697085585,0.41542791451818695
0.41299019607843135,0.3082599611879924,0.387441349321584,0.4134552357281276
0.41421568627450983,0.306343075256747,0.38547192204906144,0.41148814010348905
0.41544117647058826,0.30443483681652833,0.3835088434485368,0.4095266495917534
0.4166666666666667,0.3025352463565253,0.3815521313083561,0.4075707856722683
0.4178921568627451,0.3006443037813527,0.37960180291363504,0.40562056935909246
0.41911764705882354,0.29876200841805217,0.37765787504994675,0.403676021203859
0.42034313725490197,0.2968883590230836,0.3757203640070246,0.40173716129865716
0.4215686274509804,0.2950233537893008,0.37378928558247837,0.39980400927893306
0.4227941176470588,0.29316699035291244,0.37186465508552435,0.3978765843264056
0.42401960784313725,0.29131926580042705,0.3699464873407275,0.3959549051719998
0.4252450980392157,0.2894801766755809,0.36803479669175465,0.39403899009879595
0.4264705882352941,0.28764971898624736,0.3661295970051405,0.39212885694499383
0.42769607843137253,0.28582788821132676,0.3642309016740614,0.39022452310689004
0.42892156862745096,0.2840146793076163,0.36233872362212105,0.38832600554187185
0.43014705882352944,0.282210086716658,0.3604530753071435,0.3864333207714221
0.43137254901960786,0.28041410437156544,0.3585739687249747,0.38454648488413745
0.4325980392156863,0.2786267257038257,0.35670141541329164,0.3826655135387591
0.4338235294117647,0.27684794365007787,0.3548354264554177,0.38079042196721463
0.43504901960784315,0.2750777506588668,0.35297601248414484,0.3789212249776702
0.4362745098039216,0.2733161386973698,0.351123183685561,0.3770579369575943
0.4375,0.27156309925809746,0.3492769498028814,0.3752005718768306
0.4387254901960784,0.26981862336556506,0.3474373201402853,0.3733491432906786
0.43995098039215685,0.26808270158293784,0.3456043035667551,0.3715036643429859
0.4411764705882353,0.26635532401864426,0.3437779085199184,0.36966414776924533
0.4424019607843137,0.2646364803329611,0.3419581430098937,0.36783060589970196
0.44362745098039214,0.26292615974456574,0.340145014623135,0.36600305066246597
0.44485294117647056,0.26122435103705854,0.33833853052628005,0.3641814935866312
0.44607843137254904,0.25953104256545123,0.3365386974699972,0.3623659458054018
0.44730392156862747,0.2578462222626228,0.3347455217928329,0.36055641805922145
0.4485294117647059,0.25616987764574173,0.3329590094250583,0.3587529206989101
0.4497549019607843,0.2545019958226529,0.33117916589251434,0.35695546368880304
0.45098039215686275,0.25284256349823014,0.32940599632045453,0.35516405660989464
0.4522058823529412,0.25119156698069234,0.32763950543738635,0.3533787086629853
0.4534313725490196,0.24954899218788348,0.32587969757890844,0.35159942867183164
0.45465686274509803,0.24791482465351541,0.3241265766915451,0.34982622508629757
0.45588235294117646,0.24628904953337327,0.3223801463365761,0.3480591059855095
0.4571078431372549,0.2446716516114823,0.32064040969386215,0.34629807908101096
0.4583333333333333,0.24306261530623674,0.31890736956566573,0.34454315171991895
0.45955882352941174,0.24146192467648833,0.31718102838046497,0.34279433088808087
0.46078431372549017,0.23986956342759663,0.31546138819676295,0.3410516232132312
0.46200980392156865,0.2382855149174376,0.3137484507068897,0.339315034968148
0.4632352941176471,0.2367097621623728,0.31204221724079706,0.33758457207380804
0.4644607843137255,0.23514228784317665,0.3103426887698457,0.3358602401025414
0.46568627450980393,0.2335830743109226,0.3086498659105854,0.33414204428118355
0.46691176470588236,0.23203210359282733,0.30696374892852535,0.3324299894942258
0.4681372549019608,0.23048935739805246,0.3052843377418969,0.33072408028696315
0.4693627450980392,0.2289548171234638,0.3036116319254056,0.3290243208686388
0.47058823529411764,0.2274284638593473,0.30194563071397496,0.32733071511558587
0.47181372549019607,0.22591027839508207,0.3002863330064792,0.3256432665743649
0.4730392156862745,0.22440024122476912,0.29863373736946575,0.32396197846489727
0.4742647058823529,0.22289833255281644,0.2969878420408661,0.32228685368359444
0.47549019607843135,0.22140453229947976,0.2953486449336968,0.32061789480648184
0.47671568627450983,0.2199188201063588,0.2937161436397469,0.318955104092318
0.47794117647058826,0.21844117534184843,0.292090335433255,0.31729848348570727
0.4791666666666667,0.21697157710654488,0.2904712172745723,0.315648034620208
0.4803921568627451,0.21551000423860706,0.28885878581381425,0.31400375882143244
0.48161764705882354,0.21405643531907156,0.28725303739449787,0.3123656571101418
0.48284313725490197,0.21261084867712246,0.28565396805716625,0.3107337302053331
0.4840686274509804,0.21117322239531558,0.28406157354299916,0.3091079785273197
0.4852941176470588,0.20974353431475593,0.2824758492974089,0.3074884022008031
0.48651960784313725,0.20832176204022917,0.2808967904736224,0.30587500105793763
0.4877450980392157,0.2069078829452872,0.27932439193624836,0.3042677746413869
0.4889705882352941,0.20550187417728677,0.27775864826482877,0.30266672220737056
0.49019607843137253,0.20410371266238156,0.27619955375737587,0.3010718427287041
0.49142156862745096,0.20271337511046794,0.27464710243389256,0.2994831348978277
0.49264705882352944,0.20133083802008334,0.27310128803987777,0.297900597129827
0.49387254901960786,0.1999560776832584,0.27156210404981485,0.29632422756544297
0.4950980392156863,0.19858907019032182,0.27002954367064397,0.294754024074073
0.4963235294117647,0.19722979143465857,0.26850359984521754,0.2931899842567608
0.49754901960784315,0.19587821711742043,0.2669842652557385,0.2916321054491766
0.4987745098039216,0.1945343227521906,0.26547153232718185,0.2900803847245859
0.5,0.19319808366960045,0.2639653932306986,0.2885348188968076
0.5012254901960784,0.19186947502189963,0.26246583988700156,0.28699540452316097
0.5024509803921569,0.19054847178747855,0.2609728639697336,0.2854621379074012
0.5036764705882353,0.18923504877534497,0.25948645690881805,0.28393501510264235
0.5049019607843137,0.18792918062955277,0.2580066098937901,0.2824140319142703
0.5061274509803921,0.18663084183358403,0.2565333138771105,0.28089918390284146
0.5073529411764706,0.1853400067146842,0.2550665595774599,0.2793904663869705
0.508578431372549,0.1840566494481506,0.25360633748301464,0.27788787444620505
0.5098039215686274,0.1827807440615745,0.25215263785470304,0.27639140292388803
0.5110294117647058,0.18151226443903537,0.25070545072944317,0.2749010464300061
0.5122549019607843,0.18025118432525034,0.24926476592336053,0.2734167993440263
0.5134803921568627,0.17899747732967544,0.2478305730349868,0.2719386558177181
0.5147058823529411,0.17775111693056206,0.24640286144843784,0.2704666097779635
0.5159313725490197,0.1765120764789662,0.24498162033657334,0.2690006549295515
0.5171568627450981,0.1752803292027115,0.243566838664135,0.26754078475796045
0.5183823529411765,0.1740558482103076,0.24215850519086538,0.26608699253212575
0.5196078431372549,0.172838606494821,0.24075660847460628,0.26463927130719267
0.5208333333333334,0.17162857693770142,0.23936113687437705,0.263197613927257
0.5220588235294118,0.1704257323125626,0.23797207855343155,0.26176201302808877
0.5232843137254902,0.16923004528891683,0.2365894214822956,0.2603324610398423
0.5245098039215687,0.16804148843586572,0.23521315344178287,0.258908950189753
0.5257352941176471,0.16686003422574466,0.23384326202599004,0.2574914725048167
0.5269607843137255,0.16568565503772378,0.23247973464527205,0.25608001981445605
0.5281862745098039,0.16451832316136297,0.23112255852919456,0.2546745837531711
0.5294117647058824,0.16335801080012358,0.22977172072946694,0.25327515576317444
0.5306372549019608,0.16220469007483582,0.22842720812285372,0.25188172709701123
0.5318627450980392,0.16105833302712114,0.22708900741406382,0.25049428882016384
0.5330882352941176,0.1599189116227725,0.22575710513862,0.24911283181364122
0.5343137254901961,0.15878639775508993,0.2244314876657057,0.24773734677655165
0.5355392156862745,0.15766076324817302,0.22311214120099163,0.2463678242286611
0.5367647058823529,0.15654197986017082,0.2217990517894394,0.2450042545129347
0.5379901960784313,0.15543001928648836,0.220492205318085,0.2436466277980627
0.5392156862745098,0.15432485316295116,0.2191915875188004,0.24229493408097044
0.5404411764705882,0.1532264530689266,0.21789718397103303,0.24094916318931225
0.5416666666666666,0.1521347905304045,0.21660898010452406,0.23960930478394907
0.5428921568627451,0.15104983702303412,0.2153269612020049,0.23827534836141007
0.5441176470588235,0.14997156397512224,0.21405111240187225,0.2369472832563376
0.5453431372549019,0.14889994277058638,0.21278141870084127,0.2356250986439165
0.5465686274509803,0.14783494475187103,0.21151786495657693,0.23430878354228632
0.5477941176470589,0.14677654122281947,0.21026043589030385,0.23299832681493693
0.5490196078431373,0.14572470345150831,0.20900911608939407,0.23169371717308865
0.5502450980392157,0.14467940267303941,0.20776389000993392,0.2303949431780549
0.5514705882352942,0.14364061009229295,0.2065247419792679,0.2291019932435887
0.5526960784313726,0.1426082968866418,0.20529165619852202,0.22781485563821194
0.553921568627451,0.14158243420862487,0.20406461674510434,0.22653351848752895
0.5551470588235294,0.14056299318858204,0.2028436075751852,0.22525796977652215
0.5563725490196079,0.1395499449372517,0.20162861252615405,0.2239881973518328
0.5575980392156863,0.1385432605483276,0.20041961531905605,0.22272418892402265
0.5588235294117647,0.13754291110098,0.19921659956100635,0.22146593206982002
0.5600490196078431,0.13654886766233626,0.1980195487475825,0.22021341423435015
0.5612745098039216,0.13556110128992718,0.19682844626519613,0.21896662273334638
0.5625,0.13457958303409323,0.19564327539344228,0.21772554475534628
0.5637254901960784,0.13360428394035576,0.1944640193074273,0.21649016736387042
0.5649509803921569,0.13263517505175043,0.19329066108007575,0.21526047749958413
0.5661764705882353,0.13167222741112553,0.19212318368441525,0.2140364619824423
0.5674019607843137,0.1307154120634034,0.19096156999584069,0.2128181075138178
0.5686274509803921,0.12976470005780677,0.18980580279435594,0.2116054006786129
0.5698529411764706,0.12882006245004926,0.18865586476679538,0.2103983279473531
0.571078431372549,0.12788147030449146,0.1875117385090236,0.20919687567826542
0.5723039215686274,0.12694889469626217,0.18637340652811396,0.20800103011933876
0.5735294117647058,0.12602230671334455,0.18524085124450623,0.2068107774103678
0.5747549019607843,0.12510167745862977,0.18411405499414304,0.20562610358498007
0.5759803921568627,0.12418697805193478,0.18299300003058497,0.20444699457264656
0.5772058823529411,0.12327817963198909,0.18187766852710527,0.20327343620067467
0.5784313725490197,0.12237525335838609,0.18076804257876353,0.2021054141961857
0.5796568627450981,0.1214781704135036,0.17966410420445825,0.20094291418807403
0.5808823529411765,0.12058690200439026,0.17856583534895865,0.19978592170895113
0.5821078431372549,0.11970141936462125,0.177473217884917,0.19863442219707145
0.5833333333333334,0.11882169375612137,0.17638623361485825,0.1974884009982432
0.5845588235294118,0.11794769647095633,0.17530486427315115,0.1963478433677211
0.5857843137254902,0.11707939883309376,0.17422909152795765,0.19521273447208323
0.5870098039215687,0.11621677220013249,0.173158896983163,0.19408305939109122
0.5882352941176471,0.1153597879650022,0.17209426218028445,0.1929588031195341
0.5894607843137255,0.1145084175576317,0.17103516860036067,0.19183995056905534
0.5906862745098039,0.11366263244658822,0.1699815976658207,0.1907264865699634
0.5919117647058824,0.1128224041406866,0.16893353074233317,0.18961839587302654
0.5931372549019608,0.11198770419056962,0.16789094914063535,0.18851566315125054
0.5943627450980392,0.11115850419025883,0.16685383411834268,0.18741827300164027
0.5955882352941176,0.11033477577867684,0.16582216688173804,0.1863262099469457
0.5968137254901961,0.10951649064114193,0.16479592858754208,0.1852394584373906
0.5980392156862745,0.10870362051083354,0.16377510034466397,0.1841580028523856
0.5992647058823529,0.10789613717023085,0.16275966321593208,0.1830818275022258
0.6004901960784313,0.1070940124525237,0.16174959821980597,0.1820109166297713
0.6017156862745098,0.10629721824299604,0.16074488633206874,0.18094525441211196
0.6029411764705882,0.10550572648038349,0.1597455084875016,0.1798848249622169
0.6041666666666666,0.10471950915820298,0.1587514455815366,0.1788296123305672
0.6053921568627451,0.1039385383260578,0.15776267847189368,0.17777960050677385
0.6066176470588235,0.10316278609091573,0.1567791879801968,0.1767347734211786
0.6078431372549019,0.10239222461836119,0.15580095489357199,0.17569511494644036
0.6090686274509803,0.10162682613382376,0.1548279599662275,0.17466060889910504
0.6102941176470589,0.1008665629237799,0.15386018392101397,0.17363123904116085
0.6115196078431373,0.1001114073369309,0.1528976074509678,0.1726069890815769
0.6127450980392157,0.09936133178535621,0.15194021122083534,0.17158784267782728
0.6139705882352942,0.09861630874564274,0.15098797586857934,0.17057378343739937
0.6151960784313726,0.09787631075999026,0.150040882006867,0.16956479491928686
0.616421568627451,0.0971413104372931,0.1490989102245407,0.16856086063546752
0.6176470588235294,0.09641128045419892,0.1481620410880704,0.16756196405236645
0.6188725490196079,0.09568619355614424,0.1472302551429884,0.1665680885923027
0.6200980392156863,0.09496602255836738,0.1463035329153072,0.16557921763492317
0.6213235294117647,0.09425074034689906,0.1453818549129188,0.16459533451861888
0.6225490196078431,0.09354031987953071,0.14446520162697765,0.16361642254192882
0.6237745098039216,0.09283473418676111,0.14355355353326582,0.16264246496492735
0.625,0.09213395637272136,0.14264689109354153,0.16167344501059774
0.6262254901960784,0.09143795961607835,0.14174519475686995,0.1607093458661907
0.6274509803921569,0.09074671717091794,0.1408484449609379,0.1597501506845684
0.6286764705882353,0.09006020236760605,0.13995662213335178,0.1587958425855339
0.6299019607843137,0.08937838861363089,0.13906970669291793,0.1578464046571468
0.6311274509803921,0.08870124939442331,0.13818767905090795,0.15690181995702335
0.6323529411764706,0.08802875827415883,0.13731051961230598,0.1559620715136236
0.633578431372549,0.08736088889653831,0.13643820877704138,0.15502714232752324
0.6348039215686274,0.08669761498555054,0.13557072694120412,0.15409701537267237
0.6360294117647058,0.08603891034621484,0.13470805449824427,0.1531716735976394
0.6372549019607843,0.08538474886530506,0.13385017184015624,0.1522510999268414
0.6384803921568627,0.08473510451205457,0.13299705935864634,0.1513352772617609
0.6397058823529411,0.08408995133884348,0.13214869744628555,0.15042418848214803
0.6409313725490197,0.08344926348186678,0.13130506649764584,0.14951781644720977
0.6421568627450981,0.08281301516178513,0.13046614691042213,0.14861614399678544
0.6433823529411765,0.082181180684358,0.12963191908653776,0.14771915395250818
0.6446078431372549,0.08155373444105872,0.12880236343323567,0.1468268291189538
0.6458333333333334,0.08093065090967318,0.12797746036415433,0.14593915228477533
0.6470588235294118,0.08031190465488086,0.1271571903003882,0.1450561062238251
0.6482843137254902,0.07969747032881942,0.1263415336715341,0.14417767369626297
0.6495098039215687,0.0790873226716327,0.12553047091672276,0.14330383744965208
0.6507352941176471,0.0784814365120023,0.12472398248563481,0.14243458022004105
0.6519607843137255,0.07787978676766338,0.12392204883950386,0.14156988473303334
0.6531862745098039,0.07728234844590473,0.12312465045210413,0.1407097337048441
0.6544117647058824,0.0766890966440522,0.12233176781072398,0.1398541098433435
0.6556372549019608,0.0761000065499384,0.12154338141712595,0.13900299584908835
0.6568627450980392,0.07551505344235561,0.12075947178849208,0.1381563744163403
0.6580882352941176,0.07493421269149496,0.11998001945835568,0.13731422823407174
0.6593137254901961,0.0743574597593702,0.11920500497751965,0.13647653998695955
0.6605392156862745,0.07378477020022689,0.11843440891496028,0.13564329235636585
0.6617647058823529,0.07321611966093788,0.11766821185871894,0.1348144680213075
0.6629901960784313,0.07265148388138402,0.1169063944167787,0.13399004965941233
0.6642156862745098,0.07209083869482118,0.11614893721792925,0.13317001994786354
0.6654411764705882,0.07153416002823376,0.11539582091261744,0.13235436156433292
0.6666666666666666,0.07098142390267473,0.11464702617378553,0.1315430571879011
0.6678921568627451,0.07043260643359148,0.11390253369769615,0.13073608949996637
0.6691176470588235,0.06988768383114008,0.11316232420474474,0.1299334411851414
0.6703431372549019,0.06934663240048543,0.11242637844025881,0.12913509493213904
0.6715686274509803,0.0688094285420891,0.11169467717528514,0.12834103343464615
0.6727941176470589,0.06827604875198472,0.11096720120736446,0.12755123939218524
0.6740196078431373,0.06774646962204058,0.1102439313612931,0.1267656955109657
0.6752450980392157,0.06722066784021113,0.10952484848987341,0.12598438450472338
0.6764705882352942,0.06669862019077498,0.10880993347465136,0.125207289095548
0.6776960784313726,0.06618030355456263,0.10809916722664238,0.12443439201470143
0.678921568627451,0.06566569490917155,0.10739253068704538,0.12366567600342271
0.6801470588235294,0.0651547713291701,0.10669000482794426,0.12290112381372277
0.6813725490196079,0.06464750998629064,0.10599157065299941,0.12214071820916954
0.6825980392156863,0.06414388814961089,0.10529720919812557,0.1213844419656599
0.6838235294117647,0.06364388318572499,0.10460690153215975,0.1206322778721829
0.6850490196078431,0.06314747255890325,0.10392062875751738,0.11988420873157106
0.6862745098039216,0.06265463383124173,0.10323837201083663,0.1191402173612419
0.6875,0.06216534466280155,0.10256011246361281,0.11840028659392784
0.6887254901960784,0.061679582811737285,0.10188583132282061,0.11766439927839731
0.6899509803921569,0.06119732613441608,0.10121550983152595,0.11693253828016398
0.6911764705882353,0.060718552585526275,0.100549129269487,0.11620468648218656
0.6924019607843137,0.060243240218176834,0.09988667095374468,0.11548082678555836
0.6936274509803921,0.059771367183986325,0.099228116239202,0.11476094211018631
0.6948529411764706,0.059302911733163405,0.09857344651919334,0.11404501539546047
0.696078431372549,0.058837852214577574,0.09792264322604353,0.11333302960091339
0.6973039215686274,0.05837616707582049,0.09727568783161647,0.11262496770686944
0.6985294117647058,0.057917834863258896,0.09663256184785296,0.11192081271508482
0.6997549019607843,0.05746283422207806,0.0959932468272995,0.11122054764937754
0.7009803921568627,0.05701114389631774,0.09535772436362655,0.1105241555562476
0.7022058823529411,0.05656274272889743,0.09472597609213694,0.10983161950548832
0.7034313725490197,0.05611760966163568,0.09409798369026479,0.10914292259078759
0.7046568627450981,0.05567572373525912,0.0934737288780643,0.10845804793031961
0.7058823529411765,0.05523706408940493,0.09285319341868929,0.10777697866732838
0.7071078431372549,0.054801609962613976,0.09223635911886369,0.1070996979707007
0.7083333333333334,0.05436934069231683,0.0916232078293415,0.10642618903553094
0.7095588235294118,0.05394023571481233,0.09101372144535887,0.1057564350836761
0.7107843137254902,0.053514274565237774,0.09040788190707573,0.1050904193643026
0.7120098039215687,0.053091436877531886,0.08980567120000958,0.10442812515442336
0.7132352941176471,0.05267170238439112,0.08920707135545926,0.10376953575942699
0.7144607843137255,0.05225505091721766,0.0886120644509203,0.10311463451359727
0.7156862745098039,0.05184146240606164,0.0880206326104917,0.10246340478062434
0.7169117647058824,0.051430916879554436,0.08743275800527356,0.10181582995410804
0.7181372549019608,0.05102339446483777,0.08684842285375632,0.10117189345805129
0.7193627450980392,0.0506188753874839,0.08626760942220174,0.10053157874734622
0.7205882352941176,0.05021733997141012,0.08569030002501489,0.09989486930825149
0.7218137254901961,0.04981876863878667,0.0851164770251084,0.09926174865886128
0.7230392156862745,0.04942314190993819,0.08454612283425807,0.09863220034956602
0.7242647058823529,0.04903044040323956,0.08397921991345096,0.09800620796350522
0.7254901960784313,0.048640644835004264,0.08341575077322427,0.0973837551170123
0.7267156862745098,0.04825373601936798,0.08285569797399747,0.09676482546005075
0.7279411764705882,0.04786969486816601,0.08229904412639608,0.09614940267664344
0.7291666666666666,0.04748850239080415,0.08174577189156743,0.09553747048529311
0.7303921568627451,0.04711013969412477,0.081195863981489,0.09492901263939549
0.7316176470588235,0.046734587982267345,0.0806493031592693,0.09432401292764497
0.7328431372549019,0.046361828556521996,0.08010607223944083,0.09372245517443238
0.7340686274509803,0.045991842815179984,0.07956615408824584,0.09312432324023479
0.7352941176470589,0.04562461225337694,0.0790295316239146,0.0925296010219991
0.7365196078431373,0.04526011846293213,0.07849618781693689,0.0919382724535164
0.7377450980392157,0.04489834313218165,0.07796610569032526,0.09135032150579102
0.7389705882352942,0.04453926804580776,0.07743926831987258,0.09076573218740032
0.7401960784313726,0.04418287508466264,0.07691565883440124,0.09018448854484892
0.741421568627451,0.04382914622558699,0.0763952604160062,0.08960657466291519
0.7426470588235294,0.043478063541225055,0.07587805630029125,0.08903197466498981
0.7438725490196079,0.04312960919983371,0.07536402977659766,0.08846067271340916
0.7450980392156863,0.04278376546508871,0.07485316418822717,0.08789265300978018
0.7463235294117647,0.04244051469588438,0.07434544293265774,0.08732789979529927
0.7475490196078431,0.04209983934613083,0.0738408494617527,0.08676639735106408
0.7487745098039216,0.04176172196454607,0.07333936728196393,0.08620812999837835
0.75,0.0414261451944442,0.07284097995452839,0.08565308209905105
0.7512254901960784,0.04109309177351912,0.07234567109565772,0.08510123805568783
0.7524509803921569,0.040762544533624885,0.0718534243767231,0.08455258231197633
0.7536764705882353,0.04043448640055172,0.07136422352443228,0.08400709935296567
0.7549019607843137,0.04010890039379802,0.07087805232100147,0.08346477370533845
0.7561274509803921,0.03978576962633963,0.07039489460432147,0.08292558993767753
0.7573529411764706,0.039465077304393976,0.0699147342681169,0.08238953266072593
0.758578431372549,0.03914680672718171,0.06943755526210013,0.08185658652764036
0.7598039215686274,0.038830941286684545,0.0689633415921197,0.08132673623423958
0.7610294117647058,0.03851746446739953,0.06849207732030231,0.08079996651924545
0.7622549019607843,0.038206359846090096,0.06802374656518993,0.08027626216451934
0.7634803921568627,0.03789761109153343,0.06755833350187074,0.07975560799529131
0.7647058823529411,0.03759120196426573,0.0670958223621044,0.07923798888038465
0.7659313725490197,0.0372871163163229,0.06663619743444311,0.07872338973243326
0.7671568627450981,0.03698533809097902,0.06617944306434546,0.07821179550809504
0.7683823529411765,0.03668585132248191,0.06572554365428644,0.07770319120825771
0.7696078431372549,0.03638864013578506,0.06527448366386196,0.0771975618782407
0.7708333333333334,0.03609368874627759,0.0648262476098871,0.0766948926079904
0.7720588235294118,0.035800981459510633,0.06438082006649104,0.07619516853227026
0.7732843137254902,0.03551050267092152,0.06393818566520518,0.07569837483084575
0.7745098039215687,0.03522223686555515,0.06349832909504771,0.07520449672866356
0.7757352941176471,0.034936168617782586,0.06306123510260256,0.0747135194960255
0.7769607843137255,0.034652282591017214,0.06262688849209308,0.07422542844875753
0.7781862745098039,0.03437056353742866,0.062195274125452386,0.07374020894837355
0.7794117647058824,0.03409099629765429,0.061766376922387116,0.07325784640223336
0.7806372549019608,0.03381356580050742,0.0613401818604382,0.07277832626369674
0.7818627450980392,0.03353825706268497,0.06091667397503587,0.07230163403227154
0.7830882352941176,0.03326505518847132,0.060495838359550726,0.07182775525375729
0.7843137254901961,0.032993945369440655,0.060077660165340385,0.07135667552038381
0.7855392156862745,0.03272491288415744,0.059662124601790795,0.07088838047094495
0.7867647058823529,0.03245794309787418,0.059249216936354966,0.07042285579092776
0.7879901960784313,0.0321930214622278,0.05883892249458516,0.06996008721263665
0.7892156862745098,0.03193013351493352,0.05843122666016314,0.06950006051531321
0.7904411764705882,0.031669264879477535,0.058026114874924144,0.06904276152525109
0.7916666666666666,0.031410401264807125,0.05762357263887836,0.06858817611590659
0.7928921568627451,0.031153528465019245,0.0572235855102274,0.06813629020800462
0.7941176470588235,0.03089863235904812,0.05682613910537697,0.06768708976964025
0.7953431372549019,0.03064569891034924,0.05643121909894602,0.06724056081637636
0.7965686274509803,0.03039471416658423,0.05603881122377115,0.06679668941133561
0.7977941176470589,0.030145664259302127,0.05564890127090808,0.06635546166528998
0.7990196078431373,0.029898535403619954,0.05526147508962859,0.06591686373674445
0.8002450980392157,0.029653313897901896,0.054876518587414075,0.06548088183201768
0.8014705882352942,0.029409986123436573,0.05449401772994567,0.06504750220531783
0.8026960784313726,0.029168538544113613,0.054113958541090024,0.06461671115881451
0.803921568627451,0.02892895770609809,0.05373632710288229,0.06418849504270735
0.8051470588235294,0.02869123023750405,0.05336110955550493,0.0637628402552894
0.8063725490196079,0.028455342848067024,0.052988292097263544,0.06333973324300776
0.8075980392156863,0.028221282328814747,0.05261786098455892,0.06291916050051959
0.8088235294117647,0.027989035551737294,0.05224980253185591,0.06250110857074488
0.8100490196078431,0.02775858946945576,0.05188410311164915,0.06208556404491484
0.8112745098039216,0.027529931114889623,0.051520749154424665,0.06167251356261754
0.8125,0.027303047600923752,0.051159727148619716,0.06126194381183841
0.8137254901960784,0.02707792612007381,0.05080102364057783,0.060853841528999066
0.8149509803921569,0.026854553944151156,0.050444625234502084,0.060448193498990506
0.8161764705882353,0.026632918423925876,0.050090518592404196,0.060044986555204787
0.8174019607843137,0.026413006988790573,0.049738690434051505,0.059644207579561265
0.8186274509803921,0.02619480714642184,0.0493891275369107,0.05924584350253135
0.8198529411764706,0.025978306482441187,0.049041816736087755,0.05884988130315857
0.821078431372549,0.025763492660076225,0.04869674492426642,0.05845630800907539
0.8223039215686274,0.025550353419819555,0.04835389905164267,0.05806511069651775
0.8235294117647058,0.02533887657908855,0.04801326612585714,0.05767627649033537
0.8247549019607843,0.02512905003188279,0.047674833211924283,0.0572897925639991
0.8259803921568627,0.02492086174844267,0.047338587432158775,0.056905646139605456
0.8272058823529411,0.024714299774905878,0.04700451596610001,0.05652382448787742
0.8284313725490197,0.024509352232964333,0.04667260605043291,0.05614431492816353
0.8296568627450981,0.024306007319520092,0.04634284497890705,0.055767104828432
0.8308823529411765,0.024104253306340882,0.04601522010225266,0.05539218160526389
0.8321078431372549,0.02390407853971522,0.0456897188280943,0.0550195327238415
0.8333333333333334,0.023705471440107203,0.04536632862086216,0.05464914569793557
0.8345588235294118,0.023508420501810772,0.045045037001701,0.054281008089888255
0.8357843137254902,0.023312914292603567,0.0447258315483765,0.05391510751059475
0.8370098039215687,0.023118941453400346,0.04440869989517899,0.05355143161948016
0.8382352941176471,0.022926490697906983,0.044093629732826274,0.053189968124476135
0.8394607843137255,0.02273555081227263,0.04378060880836199,0.05283070478199252
0.8406862745098039,0.02254611065474318,0.04346962492505382,0.05247362939688819
0.8419117647058824,0.022358159155313608,0.04316066594228843,0.05211872982243805
0.8431372549019608,0.0221716853153803,0.04285371977546425,0.05176599396029819
0.8443627450980392,0.02198667820739373,0.042548774395882845,0.05141540976046824
0.8455882352941176,0.02180312697451006,0.04224581783063732,0.051066965221251544
0.8468137254901961,0.02162102083024362,0.0419448381624995,0.05072064838921235
0.8480392156862745,0.02144034905811876,0.04164582352980483,0.05037644735913139
0.8492647058823529,0.021261101011321743,0.04134876212633496,0.05003435027395821
0.8504901960784313,0.02108326611235277,0.041053642201199274,0.0496943453247624
0.8517156862745098,0.02090683385267788,0.04076045205871326,0.04935642075068095
0.8529411764705882,0.020731793792380854,0.0404691800582766,0.049020564838865105
0.8541666666666666,0.020558135559815675,0.040179814614248244,0.048686765924423475
0.8553921568627451,0.02038584885125816,0.03989234419582005,0.048355012390364105
0.8566176470588235,0.020214923430558474,0.03960675732688918,0.048025292667533886
0.8578431372549019,0.020045349128793598,0.039323042585927684,0.047697595234555926
0.8590686274509803,0.019877115843919668,0.03904118860585191,0.047371908617764885
0.8602941176470589,0.01971021354042491,0.03876118407388907,0.04704822139114054
0.8615196078431373,0.01954463224898268,0.038483017731442595,0.046726522176238905
0.8627450980392157,0.019380362066104304,0.038206678373956166,0.04640679964212198
0.8639705882352942,0.01921739315379303,0.037932154850775786,0.04608904250528477
0.8651960784313726,0.01905571573919722,0.03765943606501098,0.04577323952958136
0.866421568627451,0.018895320114264976,0.03738851097339351,0.045459379526148445
0.8676470588235294,0.018736196635397908,0.037119368586135945,0.04514745135332751
0.8688725490196079,0.01857833572310637,0.03685199796678774,0.04483744391658463
0.8700980392156863,0.018421727861664128,0.03658638823209059,0.044529346168429296
0.8713235294117647,0.018266363598764004,0.03632252855183202,0.044223147108330856
0.8725490196078431,0.01811223354517395,0.036060408148698,0.04391883578263378
0.8737745098039216,0.017959328374392795,0.035800016298124425,0.04361640128447077
0.875,0.017807638822307542,0.03554134232814664,0.0433158327536747
0.8762254901960784,0.01765715568685058,0.03528437561924851,0.04301711937668852
0.8774509803921569,0.017507869827656678,0.035029105604209854,0.042720250386474326
0.8786764705882353,0.017359772165722355,0.03477552176795293,0.042425215062419724
0.8799019607843137,0.01721285368306345,0.0345236136473877,0.04213200273024431
0.8811274509803921,0.017067105422375467,0.03427337083125637,0.04184060276190248
0.8823529411764706,0.01692251848669263,0.03402478295997584,0.0415510045754874
0.883578431372549,0.016779084039048788,0.03377783972548051,0.04126319763513147
0.8848039215686274,0.016636793302138377,0.03353253087106299,0.04097717145090618
0.8860294117647058,0.016495637557977953,0.03328884619121436,0.040692915578720956
0.8872549019607843,0.016355608147568645,0.03304677553146329,0.04041041962021982
0.8884803921568627,0.016216696470559427,0.03280630878821451,0.04012967322267793
0.8897058823529411,0.016078893984909762,0.03256743590858543,0.039850666078895286
0.8909313725490197,0.015942192206555253,0.03233014689024398,0.03957338792709081
0.8921568627450981,0.015806582709071603,0.03209443178124273,0.039297828550794264
0.8933823529411765,0.015672057123341177,0.031860280679854844,0.03902397777873671
0.8946078431372549,0.015538607137218923,0.03162768373440758,0.038751825484741126
0.8958333333333334,0.015406224495199846,0.031396631143115666,0.03848136158761
0.8970588235294118,0.015274900998087367,0.03116711315391426,0.03821257605101379
0.8982843137254902,0.015144628502661565,0.030939120064290032,0.03794545888337686
0.8995098039215687,0.015015398921349217,0.03071264222111305,0.03768000013776264
0.9007352941176471,0.014887204221894166,0.03048767002046684,0.037416189911758414
0.9019607843137255,0.014760036427028621,0.03026419390747867,0.037154018347358604
0.9031862745098039,0.01463388761414509,0.0300422043761486,0.03689347563084649
0.9044117647058824,0.014508749914969709,0.02982169196917785,0.036634551992676206
0.9056372549019608,0.014384615515235934,0.029602647277797812,0.036377237707352614
0.9068627450980392,0.014261476654359348,0.029385060941596996,0.03612152309331156
0.9080882352941176,0.014139325625113226,0.029168923648348395,0.035867398512797924
0.9093137254901961,0.014018154773305503,0.02895422613383609,0.035614854371743165
0.9105392156862745,0.013897956497455847,0.02874095918168149,0.03536388111964296
0.9117647058823529,0.013778723248474432,0.02852911362316922,0.03511446924943261
0.9129901960784313,0.013660447529341297,0.028318680337072362,0.034866609297362655
0.9142156862745098,0.013543121894786962,0.028109650249477536,0.03462029184287355
0.9154411764705882,0.01342673895097333,0.02790201433360924,0.03437550750846881
0.9166666666666666,0.01331129135517677,0.02769576360965499,0.03413224695958882
0.9178921568627451,0.013196771815470942,0.02749088914458827,0.0338905009044825
0.9191176470588235,0.01308317309041181,0.02728738205199298,0.0336502600940795
0.9203431372549019,0.012970487988722617,0.027085233491886802,0.03341151532186089
0.9215686274509803,0.012858709368980753,0.026884434670544365,0.03317425742372948
0.9227941176470589,0.012747830139305255,0.026684976840320302,0.03293847727787985
0.9240196078431373,0.012637843257045369,0.026486851299472054,0.032704165804667104
0.9252450980392157,0.0125287417284706,0.026290049391982623,0.03247131396647551
0.9264705882352942,0.012420518608461299,0.026094562507383064,0.03223991276758714
0.9276960784313726,0.012313167000200692,0.02590038208057518,0.0320099532540482
0.928921568627451,0.012206680054868064,0.02570749959165348,0.03178142651353703
0.9301470588235294,0.012101050971332801,0.025515906565727758,0.03155432367523029
0.9313725490196079,0.011996272995849835,0.025325594572745073,0.03132863590966856
0.9325980392156863,0.011892339421756286,0.025136555227312434,0.03110435442862266
0.9338235294117647,0.011789243589168902,0.024948780188518403,0.03088147048495806
0.9350490196078431,0.011686978884682885,0.024762261159755966,0.030659975372500238
0.9362745098039216,0.011585538741072087,0.024576989888544173,0.03043986042589863
0.9375,0.011484916636990038,0.02439295816635121,0.030221117020490913
0.9387254901960784,0.011385106096672518,0.02421015782841622,0.030003736572166373
0.9399509803921569,0.011286100689640878,0.02402858075357259,0.02978771053722966
0.9411764705882353,0.011187894030407323,0.023848218864069733,0.02957303041226346
0.9424019607843137,0.011090479778180465,0.02366906412539695,0.02935968773399133
0.9436274509803921,0.010993851636572913,0.023491108546106233,0.029147674079140498
0.9448529411764706,0.010898003353309774,0.023314344177635046,0.02893698106430365
0.946078431372549,0.010802928719938465,0.023138763114130396,0.028727600345801452
0.9473039215686274,0.010708621571539467,0.02296435749227295,0.028519523619544157
0.9485294117647058,0.01061507578643918,0.022791119491100104,0.02831274262089323
0.9497549019607843,0.010522285285922979,0.02261904133183145,0.028107249124523125
0.9509803921568627,0.010430244033950596,0.022448115277692783,0.02790303494428251
0.9522058823529411,0.010338946036871804,0.022278333633741692,0.027700091933055653
0.9534313725490197,0.01024838534314425,0.02210968874669254,0.027498411982623414
0.9546568627450981,0.010158556043052259,0.02194217300474309,0.027297987023524716
0.9558823529411765,0.010069452268426541,0.021775778837399968,0.027098809024917313
0.9571078431372549,0.009981068192366143,0.02161049871530611,0.026900869994439136
0.9583333333333334,0.009893398028960833,0.02144632515006774,0.026704161978069053
0.9595588235294118,0.009806436033015458,0.02128325069408229,0.02650867705998799
0.9607843137254902,0.009720176499775152,0.021121267940366405,0.026314407362440416
0.9620098039215687,0.009634613764652276,0.020960369522385332,0.02612134504559512
0.9632352941176471,0.009549742202954516,0.02080054811388196,0.0259294823074065
0.9644607843137255,0.009465556229614503,0.020641796428707036,0.025738811383476206
0.9656862745098039,0.009382050298920539,0.020484107220649906,0.02554932454691438
0.9669117647058824,0.009299218904249128,0.02032747328327004,0.02536101410820134
0.9681372549019608,0.009217056577798187,0.020171887449728653,0.025173872415049554
0.9693627450980392,0.009135557890322638,0.020017342592622334,0.024987891852265673
0.9705882352941176,0.009054717450870208,0.01986383162381553,0.024803064841612592
0.9718137254901961,0.008974529906520114,0.019711347494276003,0.024619383841672143
0.9730392156862745,0.008894989942121272,0.01955988319390913,0.024436841347707933
0.9742647058823529,0.00881609228003384,0.019409431751394406,0.02425542989152796
0.9754901960784313,0.008737831679870921,0.019259986234022308,0.024075142041348984
0.9767156862745098,0.008660202938242005,0.019111539747531565,0.02389597040165923
0.9779411764705882,0.008583200888498004,0.018964085435948623,0.02371790761308336
0.9791666666666666,0.008506820400477733,0.018817616481426384,0.023540946352246264
0.9803921568627451,0.00843105638025534,0.018672126104085952,0.023365079331638956
0.9816176470588235,0.008355903769890009,0.018527607561857538,0.023190299299483366
0.9828431372549019,0.008281357547176167,0.018384054150323435,0.02301659903959835
0.9840686274509803,0.008207412725396417,0.01824145920256213,0.022843971371266127
0.9852941176470589,0.008134064353074216,0.01809981608899308,0.022672409149099824
0.9865196078431373,0.008061307513729547,0.017959118217222573,0.022501905262910234
0.9877450980392157,0.00798913732563539,0.01781935903189189,0.022332452637574853
0.9889705882352942,0.007917548941575613,0.017680532014525102,0.022164044232905904
0.9901960784313726,0.00784653754860458,0.017542630683379638,0.021996673043520435
0.991421568627451,0.00777609836780815,0.01740564859329719,0.02183033209871044
0.9926470588235294,0.007706226654066263,0.01726957933555624,0.02166501446231365
0.9938725490196079,0.007636917695816509,0.017134416537725905,0.021500713232585296
0.9950980392156863,0.007568166814820278,0.017000153863522143,0.021337421542071005
0.9963235294117647,0.007499969365929103,0.016866785012663785,0.02117513255747971
0.9975490196078431,0.007432320736853686,0.016734303720731362,0.021013839479558392
0.9987745098039216,0.007365216347933585,0.01660270375902741,0.020853535542966983
1.0,0.007298651651908967,0.016471978934437574,0.020694214016154986
1.0012254901960784,0.007232622133693598,0.01634212308929441,0.020535868201237945
1.0024509803921569,0.007167123310149401,0.016213130101242253,0.02037849143387665
1.0036764705882353,0.007102150729862815,0.01608499388310384,0.020222077083155467
1.0049019607843137,0.007037699972922258,0.01595770838274966,0.02006661855146393
1.0061274509803921,0.006973766650697467,0.015831267582967563,0.019912109274377365
1.0073529411764706,0.006910346405620539,0.01570566550133622,0.019758542720540565
1.008578431372549,0.006847434910967831,0.015580896190098593,0.0196059123915515
1.0098039215686274,0.006785027870644381,0.01545695373603927,0.019454211821847374
1.0110294117647058,0.006723121018969398,0.015333832260362848,0.019303434578590718
1.0122549019607843,0.006661710120462968,0.015211525918574421,0.019153574261558535
1.0134803921568627,0.006600790969635109,0.015090028900363076,0.01900462450303188
1.0147058823529411,0.0065403593907763435,0.014969335429487177,0.0188565789676869
1.0159313725490196,0.0064804112377488685,0.014849439763661813,0.01870943135248851
1.017156862745098,0.006420942393780951,0.014730336194449228,0.018563175386584394
1.0183823529411764,0.006361948771261342,0.01461201904715162,0.01841780483120198
1.0196078431372548,0.006303426311536935,0.014494482680706078,0.018273313479546235
1.0208333333333333,0.006245370984710315,0.014377721487582788,0.01812969515670011
1.0220588235294117,0.006187778789440634,0.014261729893685793,0.01798694371952617
1.0232843137254901,0.006130645752744842,0.014146502358256405,0.017845053056571147
1.0245098039215685,0.006073967929801737,0.014032033373779894,0.017704017087971508
1.025735294117647,0.0060177414037563175,0.013918317465894838,0.017563829765362308
1.0269607843137254,0.005961962285527565,0.01380534919330557,0.01742448507178726
1.0281862745098038,0.005906626713616222,0.013693123147698372,0.017285977021611998
1.0294117647058822,0.0058517308539159235,0.013581633953660481,0.017148299660439043
1.0306372549019607,0.005797270899524008,0.01347087626860229,0.017011447065026056
1.0318627450980393,0.005743243070556679,0.013360844782683744,0.01687541334320581
1.0330882352941178,0.005689643613964109,0.013251534218744115,0.016740192633809478
1.0343137254901962,0.005636468803346958,0.013142939332234843,0.016605779106592933
1.0355392156862746,0.005583714938777081,0.013035054911157307,0.01647216696216481
1.036764705882353,0.005531378346617104,0.012927875776003907,0.016339350431919288
1.0379901960784315,0.005479455379344429,0.012821396779703339,0.01620732377797025
1.0392156862745099,0.005427942415375064,0.012715612807570427,0.016076081293090166
1.0404411764705883,0.005376835858890735,0.012610518777259647,0.01594561730065151
1.0416666666666667,0.005326132139667252,0.012506109638724203,0.015815926154571728
1.0428921568627452,0.00527582771290494,0.012402380374178896,0.01568700223926236
1.0441176470588236,0.005225919059061009,0.01229932599806826,0.015558839969581191
1.045343137254902,0.0051764026836841675,0.01219694155703929,0.015431433790789397
1.0465686274509804,0.00512727511725044,0.012095222129919729,0.01530477817851121
1.0477941176470589,0.005078532915002593,0.011994162827702114,0.015178867638699516
1.0490196078431373,0.005030172656789422,0.011893758793531875,0.015053696707604732
1.0502450980392157,0.004982190946909658,0.011794005202702816,0.014929259951748455
1.0514705882352942,0.00493458441395548,0.011694897262657128,0.0148055519679023
1.0526960784313726,0.004887349710660299,0.011596430212992502,0.014682567383070881
1.053921568627451,0.004840483513747857,0.011498599325475294,0.014560300854480939
1.0551470588235294,0.004793982523782909,0.011401399904059485,0.01443874706957512
1.0563725490196079,0.004747843465025781,0.011304827284913527,0.014317900746010997
1.0575980392156863,0.004702063085287809,0.011208876836453378,0.014197756631666936
1.0588235294117647,0.004656638155790019,0.011113543959383675,0.014078309504652987
1.0600490196078431,0.004611565471023827,0.011018824086744754,0.013959554173328396
1.0612745098039216,0.004566841848614431,0.010924712683969615,0.01384148547632557
1.0625,0.004522464129186884,0.010831205248947286,0.0137240982825808
1.0637254901960784,0.00447842917623424,0.010738297312095227,0.013607387491372124
1.0649509803921569,0.004434733875988608,0.010645984436440365,0.013491348032364552
1.0661764705882353,0.004391375137295576,0.010554262217708919,0.013375974865662374
1.0674019607843137,0.00434834989149047,0.01046312628442598,0.01326126298186999
1.0686274509803921,0.004305655092277224,0.01037257229802388,0.013147207402161082
1.0698529411764706,0.004263287715612696,0.010282595952961915,0.013033803178356073
1.071078431372549,0.004221244759589918,0.010193192976855206,0.012921045393008413
1.0723039215686274,0.004179523244328019,0.010104359130614441,0.012808929159500779
1.0735294117647058,0.0041381202118638384,0.010016090208598503,0.012697449622150995
1.0747549019607843,0.004097032726046545,0.009928382038776202,0.012586601956327272
1.0759803921568627,0.004056257872436472,0.009841230482902058,0.01247638136857537
1.0772058823529411,0.004015792758206702,0.009754631436704124,0.012366783096755714
1.0784313725490196,0.003975634512048908,0.009668580830083838,0.012257802410193244
1.079656862745098,0.003935780284082321,0.009583074627331383,0.012149434609837714
1.0808823529411764,0.0038962272457668872,0.009498108827353111,0.01204167502843846
1.0821078431372548,0.0038569725898204505,0.009413679463915083,0.011934519030731202
1.0833333333333333,0.0038180135301392323,0.009329782605901237,0.011827962013638648
1.0845588235294117,0.003779347301724131,0.009246414357587388,0.011721999406485979
1.0857843137254901,0.0037409711606099334,0.00916357085893171,0.011616626671230932
1.0870098039215685,0.0037028823837993506,0.009081248285882589,0.011511839302710046
1.088235294117647,0.003665078269202757,0.008999442850704384,0.011407632828900793
1.0894607843137254,0.0036275561355814476,0.008918150802321018,0.011304002811201301
1.0906862745098038,0.003590313322497354,0.008837368426680094,0.011200944844727867
1.0919117647058822,0.003553347190266444,0.008757092047136029,0.01109845455863166
1.0931372549019607,0.003516655119919812,0.008677318024854695,0.010996527616434514
1.0943627450980393,0.0034802345131677522,0.008598042759240252,0.010895159716385825
1.0955882352941178,0.0034440827923725753,0.008519262688383883,0.010794346591841112
1.0968137254901962,0.003408197400525526,0.00844097428953685,0.01069408401166282
1.0980392156862746,0.0033725758012313574,0.008363174079608052,0.010594367780645245
1.099264705882353,0.0033372154786990714,0.008285858615687631,0.010495193739964067
1.1004901960784315,0.00330211393774049,0.008209024495597215,0.010396557767652257
1.1017156862745099,0.0032672687037746816,0.008132668358467788,0.01029845577910303
1.1029411764705883,0.0032326773228420437,0.008056786885347623,0.01020088372760176
1.1041666666666667,0.0031983373616248944,0.007981376799840286,0.01010383760488792
1.1053921568627452,0.003164246407477346,0.007906434868774197,0.010007313441748697
1.1066176470588236,0.0031304020684633956,0.007831957902905844,0.00991130730864564
1.107843137254902,0.0030968019734053083,0.007757942757657138,0.00981581531637665
1.1090686274509804,0.0030634437719397546,0.007684386333889784,0.009720833616774218
1.1102941176470589,0.0030303251345868533,0.007611285578716372,0.009626358403442165
1.1115196078431373,0.00299744375282706,0.007538637486351718,0.009532385912533243
1.1127450980392157,0.002964797339191453,0.007466439099004995,0.009438912423569158
1.1139705882352942,0.002932383627362578,0.007394687507814919,0.009345934260305437
1.1151960784313726,0.0029002003722879504,0.007323379853830137,0.009253447791643346
1.116421568627451,0.0028682453503067824,0.00725251332903648,0.009161449432591659
1.1176470588235294,0.0028365163592902315,0.0071820851774328865,0.009069935645280663
1.1188725490196079,0.0028050112187959515,0.007112092696159367,0.00897890294003131
1.1200980392156863,0.0027737277702381043,0.007042533236678274,0.008888347876482286
1.1213235294117647,0.0027426638770732406,0.006973404206011046,0.008798267064777852
1.1225490196078431,0.002711817425002977,0.006904703068034872,0.008708657166821284
1.1237745098039216,0.002681186322194703,0.0068364273448393706,0.008619514897595564
1.125,0.0026507684995205763,0.006768574618148054,0.00853083702655546
1.1262254901960784,0.0026205619108170797,0.006701142530806947,0.00844262037909628
1.1274509803921569,0.002590564533165129,0.006634128788342728,0.008354861838102051
1.1286764705882353,0.002560774367192472,0.006567531160594644,0.008267558345578272
1.1299019607843137,0.0025311894373990706,0.006501347483423432,0.00818070690437374
1.1311274509803921,0.0025018077925083333,0.0064355756604999115,0.00809430457999646
1.1323529411764706,0.002472627505843642,0.006370213665177812,0.008008348502530203
1.133578431372549,0.0024436466757326693,0.006305259542454582,0.007922835868655219
1.1348039215686274,0.002414863425942634,0.006240711411024332,0.007837763943780733
1.1360294117647058,0.002386275906144415,0.006176567465426193,0.007753130064295864
1.1372549019607843,0.002357882292412452,0.006112825978294225,0.007668931639945322
1.1384803921568627,0.0023296807877574545,0.006049485302712101,0.00758516615633632
1.1397058823529411,0.0023016696226983643,0.005986543874678102,0.007501831177586431
1.1409313725490196,0.0022738470558729632,0.005924000215685236,0.007418924349119975
1.142156862745098,0.0022462113746909342,0.005861852935422201,0.0073364434006203995
1.1433823529411764,0.0022187608960315456,0.005800100734600001,0.0072543861491508686
1.1446078431372548,0.002191493966990001,0.005738742407910571,0.0071727505024496985
1.1458333333333333,0.002164408965673622,0.005677776847123634,0.007091534462415484
1.1470588235294117,0.002137504302051938,0.005617203044327408,0.007010736128788936
1.1482843137254901,0.002110778418865817,0.005557020095319497,0.006930353703048261
1.1495098039215685,0.0020842297925967677,0.005497227203156498,0.006850385492526108
1.150735294117647,0.002057856934501618,0.005437823681866493,0.006770829914766976
1.1519607843137254,0.0020316583917184966,0.005378808960334614,0.006691685502136544
1.1531862745098038,0.0020056327484457887,0.005320182586367448,0.006612950906699834
1.1544117647058822,0.001979778627202448,0.005261944230944517,0.006534624905385559
1.1556372549019607,0.0019540946901706754,0.005204093692665402,0.00645670640545413
1.1568627450980393,0.0019285796406336147,0.0051466309023998616,0.006379194450288883
1.1580882352941178,0.0019032322245064507,0.00508955592815073,0.006302088225531152
1.1593137254901962,0.001878051231973707,0.005032868980137438,0.0062253870655810326
1.1605392156862746,0.001853035499237782,0.004976570416109062,0.0061490904604875
1.161764705882353,0.001828183910385523,0.004920660746897581,0.006073198063252916
1.1629901960784315,0.0018034953993844149,0.004865140642218502,0.0059977096975787165
1.1642156862745099,0.0017789689522138001,0.00481001093673021,0.0059226253660805825
1.1654411764705883,0.0017546036091441192,0.004755272636359742,0.00584794525900409
1.1666666666666667,0.0017303984671731625,0.00470092692490718,0.005773669763472965
1.1678921568627452,0.0017063526826309938,0.004646975170935077,0.005699799473304753
1.1691176470588236,0.0016824654739662872,0.004593418934955208,0.00562633519943099
1.170343137254902,0.001658736124727475,0.004540259976919316,0.005553277980961122
1.1715686274509804,0.0016351639867525929,0.004487500264026163,0.005480629096932042
1.1727941176470589,0.0016117484835835633,0.004435141978849645,0.005408390078788315
1.1740196078431373,0.0015884891141224981,0.004383187527798913,0.005336562723640066
1.1752450980392157,0.001565385456546521,0.004331639549917361,0.005265149108349022
1.1764705882352942,0.0015424371725018574,0.004280500926026253,0.005194151604496777
1.1776960784313726,0.00151964401159869,0.004229774788220457,0.005123572894290782
1.178921568627451,0.0014970058162266156,0.004179464529717584,0.005053415987469654
1.1801470588235294,0.0014745225267202065,0.0041295738150679655,0.004983684239269424
1.1813725490196079,0.0014521941868946497,0.004080106590721717,0.004914381369519236
1.1825980392156863,0.0014300209499861238,0.004031067095956808,0.004845511482934874
1.1838235294117647,0.0014080030850224569,0.003982459874160949,0.004777079090686078
1.1850490196078431,0.0013861409836595673,0.003934289784463888,0.004709089133312625
1.1862745098039216,0.0013644351675183768,0.003886562013709213,0.004641547005070606
1.1875,0.0013428862960585374,0.003839282088753643,0.004574458579793114
1.1887254901960784,0.001321495175031448,0.0037924558890767815,0.004507830238348553
1.1899509803921569,0.0013002627655540047,0.003746089659676975,0.004441668897789144
1.1911764705882353,0.0012791901938491968,0.003700190024228593,0.004375982042275674
1.1924019607843137,0.0012582787617030629,0.0036547639984648157,0.004310777755872099
1.1936274509803921,0.0012375299576891923,0.003609819003745518,0.004246064757300117
1.1948529411764706,0.001216945469215453,0.003565362880761758,0.004181852436742927
1.196078431372549,0.0011965271954496046,0.0035214039033186484,0.004118150894786033
1.1973039215686274,0.00117627726118553,0.0034779507921300678,0.004054970983575524
1.1985294117647058,0.0011561980317101991,0.003435012728546918,0.0039923243502703
1.1997549019607843,0.0011362921287368208,0.0033925993681280854,0.00393022348285209
1.2009803921568627,0.0011165624474696915,0.0033507208539529246,0.0038686817583450926
1.2022058823529411,0.0010970121748654083,0.0033093878295566985,0.00380771349347891
1.2034313725490196,0.0010776448091573629,0.003268611451357854,0.0037473339978070243
1.204656862745098,0.0010584641807059832,0.0032284034004278544,0.003687559629263084
1.2058823529411764,0.0010394744742337864,0.0031887758934363987,0.0036284078521037918
1.2071078431372548,0.0010206802525006028,0.003149741692590355,0.0035698972971442513
1.2083333333333333,0.0010020864814615782,0.0031113141143566613,0.0035120478241376625
1.2095588235294117,0.000983698556942256,0.0030735070367508112,0.0034548805860902345
1.2107843137254901,0.0009655223328453402,0.003036334904940165,0.003398418095227719
1.2120098039215685,0.000947564150883584,0.0029998127348976954,0.0033426842902370443
1.213235294117647,0.0009298308718048198,0.002963956114819296,0.00328770460431056
1.2144607843137254,0.0009123299080383147,0.0029287812039947864,0.0032335060333879766
1.2156862745098038,0.0008950692576497269,0.002894304728806391,0.0031801172038641557
1.2169117647058822,0.0008780575394313825,0.0028605439755096922,0.0031275684388573552
1.2181372549019607,0.0008613040288928045,0.002827516779436879,0.003075891821963594
1.2193627450980393,0.0008448186948310669,0.0027952415102514695,0.0030251212572093393
1.2205882352941178,0.0008286122360625709,0.0027637370528747164,0.0029752925236975996
1.2218137254901962,0.0008126961177836805,0.0027330227837042797,0.00292644332318903
1.2230392156862746,0.0007970826068924489,0.0027031185417491803,0.002878613318604165
1.224264705882353,0.000781784805444675,0.002674044594317465,0.0028318441611438045
1.2254901960784315,0.000766816681244037,0.0026458215969172327,0.0027861795034505787
1.2267156862745099,0.0007521930943668921,0.00261847054705944,0.0027416649959381497
1.2279411764705883,0.0007379298182050928,0.002592012731699391,0.002698348263151711
1.2291666666666667,0.0007240435533778277,0.002566469668106528,0.0026562788567767357
1.2303921568627452,0.0007105519326317792,0.002541863038024314,0.002615508181720174
1.2316176470588236,0.0006974735146022763,0.0025182146150635534,0.0025760893915676565
1.232843137254902,0.000684827764098949,0.002495546185373393,0.002538077249698179
1.2340686274509804,0.0006726350163922226,0.002473879461740866,0.002501527952447385
1.2352941176470589,0.0006609164228567248,0.00245323599140348,0.002466498910982986
1.2365196078431373,0.0006496938752942769,0.002433637057985989,0.0024330484890232973
1.2377450980392157,0.0006389899063541212,0.0024151035781257496,0.002401235694226941
1.2389705882352942,0.0006288275637161806,0.002397655993499814,0.0023711198220294537
1.2401960784313726,0.0006192302561559333,0.002381314159122664,0.0023427600519142977
1.241421568627451,0.0006102215702829109,0.002366097228937218,0.0023162149975892677
1.2426470588235294,0.0006018250576777234,0.002352023539866087,0.00229154221426773
1.2438725490196079,0.0005940639933360895,0.002339110495627493,0.0022687976681873947
1.2450980392156863,0.000586961107761912,0.002327374451731202,0.002248035175573211
1.2463235294117647,0.0005805382966680202,0.002316830603166784,0.0022293058203583325
1.2475490196078431,0.0005748163139887222,0.0023074928763557566,0.0022126573620074525
1.2487745098039216,0.0005698144556398291,0.0022993738269656812,0.0021981336465894505
1.25,0.0005655502430502152,0.002292484545179227,0.002185774035671584
1.2512254901960784,0.000562039116770748,0.0022868345699543612,0.0021756128685087197
1.2524509803921569,0.0005592941512512515,0.002282431813717473,0.002167678973240345
1.2536764705882353,0.0005573258020498181,0.002279282498802373,0.0021619952422969086
1.2549019607843137,0.000556141696163401,0.0022773911067631414,0.0021585782859058662
